code,exists_public,name,category,countries,event_time,first_seen,last_checked
EMSR673,1,"Wildfire in western Attica, Greece",Wildfire,Greece,2023-07-17T15:00:00,2026-08-15T16:29:20Z,2026-08-15T16:29:20Z
EMSR674,1,"Wildfire in Eastern Peloponnese Region, Greece",Wildfire,Greece,2023-07-17T12:30:00,2026-08-15T16:29:21Z,2026-08-15T16:29:21Z
EMSR675,1,"Wildfire on Rhodes island, Greece",Wildfire,Greece,2023-07-18T17:00:00,2026-08-15T16:29:21Z,2026-08-15T16:29:21Z
EMSR676,1,"Wildfire in Aigio, Peloponnese, Greece",Wildfire,Greece,2023-07-23T13:50:00,2026-08-15T16:29:22Z,2026-08-15T16:29:22Z
EMSR677,1,"Wildfire in Corfu, Greece",Wildfire,Greece,2023-07-23T15:50:00,2026-08-15T16:29:23Z,2026-08-15T16:29:23Z
EMSR678,1,"Wildfire in Euboea Prefecture, Greece",Wildfire,Greece,2023-07-23T10:30:00,2026-08-15T16:29:23Z,2026-08-15T16:29:23Z
EMSR679,1,"Wildfire in Thessaly region, Greece",Wildfire,Greece,2023-07-26T10:30:00,2026-08-15T16:29:24Z,2026-08-15T16:29:24Z
EMSR680,1,Flood in Slovenia,Flood,Slovenia,2023-08-04T09:00:00,2026-08-15T16:29:25Z,2026-08-15T16:29:25Z
EMSR681,1,Wildfire in Portugal,Wildfire,Portugal,2023-08-04T14:00:00,2026-08-15T16:29:26Z,2026-08-15T16:29:26Z
EMSR682,1,"Wildfire in Portbou, Spain",Wildfire,Spain,2023-08-04T14:30:00,2026-08-15T16:29:26Z,2026-08-15T16:29:26Z
EMSR683,1,Flood in Norway,Flood,Norway,2023-08-08T09:00:00,2026-08-15T16:29:30Z,2026-08-15T16:29:30Z
EMSR684,1,Flood in Sweden,Flood,Sweden,2023-08-15T00:00:00,2026-08-15T16:29:30Z,2026-08-15T16:29:30Z
EMSR685,1,"Fire in Tenerife, Spain",Wildfire,Spain,2023-08-15T22:35:00,2026-08-15T16:29:31Z,2026-08-15T16:29:31Z
EMSR686,1,"Wildfire in East Macedonia, Greece",Wildfire,Greece,2023-08-19T02:49:00,2026-08-15T16:29:32Z,2026-08-15T16:29:32Z
EMSR687,1,"Wildfire in Sterea Ellada Region, Greece",Wildfire,Greece,2023-08-21T05:59:00,2026-08-15T16:29:33Z,2026-08-15T16:29:33Z
EMSR688,1,"Wildfire in Euboea Island, Greece",Wildfire,Greece,2023-08-21T08:11:00,2026-08-15T16:29:33Z,2026-08-15T16:29:33Z
EMSR689,1,"Wildfire in Rodopi, Greece",Wildfire,Greece,2023-08-21T10:03:00,2026-08-15T16:29:34Z,2026-08-15T16:29:34Z
EMSR690,1,"Wildfire in North Attica, Greece",Wildfire,Greece,2023-08-22T08:56:00,2026-08-15T16:29:35Z,2026-08-15T16:29:35Z
EMSR691,1,Landslide in western Slovenia,Mass movement,Slovenia,2023-08-06T00:30:00,2026-08-15T16:29:35Z,2026-08-15T16:29:35Z
EMSR692,1,Flood in Greece,Flood,Greece,2023-09-05T10:30:00,2026-08-15T16:29:36Z,2026-08-15T16:29:36Z
EMSR693,1,"Flood in Burgas, Bulgaria",Flood,Bulgaria,2023-09-05T20:00:00,2026-08-15T16:29:37Z,2026-08-15T16:29:37Z
EMSR694,1,Flood in Spain,Flood,Spain,2023-09-03T17:00:00,2026-08-15T16:29:38Z,2026-08-15T16:29:38Z
EMSR695,1,"Earthquake in Marrakesh-Safi Region, Morocco",Earthquake,Morocco,2023-09-08T22:11:00,2026-08-15T16:29:39Z,2026-08-15T16:29:39Z
EMSR696,1,Flood in Libya,Flood,Libya,2023-09-11T02:00:00,2026-08-15T16:29:40Z,2026-08-15T16:29:40Z
EMSR697,1,"Flood in Thessaly and Sterea Ellada regions, Greece",Flood,Greece,2023-09-27T17:00:00,2026-08-15T16:29:41Z,2026-08-15T16:29:41Z
EMSR698,1,"Flood in Scotland, United Kingdom",Flood,United Kingdom,2023-10-07T12:00:00,2026-08-15T16:29:42Z,2026-08-15T16:29:42Z
EMSR699,1,"Industrial accident in Osijek, Croatia",Industrial accident,Croatia,2023-10-04T00:00:00,2026-08-15T16:29:43Z,2026-08-15T16:29:43Z
EMSR700,0,\N,\N,\N,\N,2026-08-15T16:29:43Z,2026-08-15T16:29:43Z
EMSR701,1,"Flood in Schleswig Holstein region, Germany",Flood,Germany,2023-10-20T14:00:00,2026-08-15T16:29:44Z,2026-08-15T16:29:44Z
EMSR702,1,Tropical Cyclone LOLA in Vanuatu and Solomon Islands,Storm,Vanuatu,2023-10-24T08:00:00,2026-08-15T16:29:45Z,2026-08-15T16:29:45Z
EMSR703,1,"Tropical cyclone OTIS-23 in Acapulco, Mexico",Storm,Mexico,2023-10-25T06:25:00,2026-08-15T16:29:46Z,2026-08-15T16:29:46Z
EMSR704,1,"Wildfire in Valencia region, Spain",Wildfire,Spain,2023-11-02T13:30:00,2026-08-15T16:29:47Z,2026-08-15T16:29:47Z
EMSR705,1,"Flood in Tuscany region, Italy",Flood,Italy,2023-11-02T22:00:00,2026-08-15T16:29:48Z,2026-08-15T16:29:48Z
EMSR706,1,Flood in northern France,Flood,France,2023-11-07T00:00:00,2026-08-15T16:29:49Z,2026-08-15T16:29:49Z
EMSR707,1,"Cologne Festival, Germany",Other,Germany,2023-11-11T10:00:00,2026-08-15T16:29:50Z,2026-08-15T16:29:50Z
EMSR708,1,Flood in Belgium,Flood,Belgium,2023-11-10T06:00:00,2026-08-15T16:29:51Z,2026-08-15T16:29:51Z
EMSR709,1,Wildfires in Bolivia,Wildfire,Bolivia,2023-11-20T06:00:00,2026-08-15T16:29:51Z,2026-08-15T16:29:51Z
EMSR710,1,Flood in Romania,Flood,Romania,2023-12-01T06:00:00,2026-08-15T16:29:52Z,2026-08-15T16:29:52Z
EMSR711,1,Flood in southwestern France,Flood,France,2023-12-14T12:00:00,2026-08-15T16:29:53Z,2026-08-15T16:29:53Z
EMSR712,1,"Flood in Lower Saxony region, Germany",Flood,Germany,2023-12-24T08:00:00,2026-08-15T16:29:54Z,2026-08-15T16:29:54Z
EMSR713,1,"Flood in Saarland region,  Germany",Flood,Germany,2024-01-02T18:00:00,2026-08-15T16:29:54Z,2026-08-15T16:29:54Z
EMSR714,1,Tropical Cyclone BELAL-24 in Réunion Island,Storm,France,2024-01-15T22:00:00,2026-08-15T16:29:55Z,2026-08-15T16:29:55Z
EMSR715,1,"Wildfire in Valparaiso region, Chile",Wildfire,Chile,2024-02-03T06:00:00,2026-08-15T16:29:56Z,2026-08-15T16:29:56Z
EMSR716,1,Cargo Ship Oil Spill in Aruba,Transport accident,"Trinidad and Tobago,Aruba",2024-03-02T00:00:00,2026-08-15T16:29:57Z,2026-08-15T16:29:57Z
EMSR717,1,Wildfires in Mexico,Wildfire,Mexico,2024-03-28T09:00:00,2026-08-15T16:29:58Z,2026-08-15T16:29:58Z
EMSR718,1,Flood in Ireland,Flood,Ireland,2024-04-11T18:00:00,2026-08-15T16:29:58Z,2026-08-15T16:29:58Z
EMSR719,1,"Wildfire in Tàrbena, Alicante, Spain",Wildfire,Spain,2024-04-14T12:18:00,2026-08-15T16:29:59Z,2026-08-15T16:29:59Z
EMSR720,1,"Flood in Rio Grande Do Sul State, Brazil",Flood,Brazil,2024-05-02T00:00:00,2026-08-15T16:30:00Z,2026-08-15T16:30:00Z
EMSR721,1,"Flood in Lombardy, Italy",Flood,Italy,2024-05-14T14:00:00,2026-08-15T16:30:01Z,2026-08-15T16:30:01Z
EMSR722,1,"Flood in Saarland region, Germany",Flood,Germany,2024-05-17T08:00:00,2026-08-15T16:30:02Z,2026-08-15T16:30:02Z
EMSR723,0,\N,\N,\N,\N,2026-08-15T16:30:03Z,2026-08-15T16:30:03Z
EMSR724,0,\N,\N,\N,\N,2026-08-15T16:30:04Z,2026-08-15T16:30:04Z
EMSR725,1,Flood in Sweden,Flood,Sweden,2024-05-20T18:00:00,2026-08-15T16:30:04Z,2026-08-15T16:30:04Z
EMSR726,1,"Forest Fires in Toledo District, Belize",Wildfire,Belize,2024-05-23T01:00:00,2026-08-15T16:30:05Z,2026-08-15T16:30:05Z
EMSR727,1,Wildfires in Guatemala,Wildfire,Guatemala,2024-05-24T00:00:00,2026-08-15T16:30:06Z,2026-08-15T16:30:06Z
EMSR728,1,Flood in Germany,Flood,Germany,2024-05-31T12:00:00,2026-08-15T16:30:07Z,2026-08-15T16:30:07Z
EMSR729,1,Wildfire in Greece,Wildfire,Greece,2024-06-19T10:14:00,2026-08-15T16:30:08Z,2026-08-15T16:30:08Z
EMSR730,1,"Wildfire in Latas, Greece",Wildfire,Greece,2024-06-21T10:46:00,2026-08-15T16:30:09Z,2026-08-15T16:30:09Z
EMSR731,1,"Wildfire in Alpochori, Greece",Wildfire,Greece,2024-06-21T14:00:00,2026-08-15T16:30:09Z,2026-08-15T16:30:09Z
EMSR732,1,"Windstorm in Lorraine, France",Storm,France,2024-06-29T15:00:00,2026-08-15T16:30:10Z,2026-08-15T16:30:10Z
EMSR733,1,"Wildfire in Attica, Greece",Wildfire,Greece,2024-06-29T11:50:00,2026-08-15T16:30:11Z,2026-08-15T16:30:11Z
EMSR734,1,"Tropical Cyclone BERYL-24, Caribbean and Central America.",Storm,"Mexico,Saint Vincent and the Grenadines,Grenada,Barbados,Jamaica",2024-07-01T06:00:00,2026-08-15T16:30:12Z,2026-08-15T16:30:12Z
EMSR735,1,"Wildfire in Kos, Greece",Wildfire,Greece,2024-07-01T09:00:00,2026-08-15T16:30:12Z,2026-08-15T16:30:12Z
EMSR736,1,"Wildfire in Gjirokastra and Vlora, Albania",Wildfire,Albania,2024-07-09T09:25:00,2026-08-15T16:30:13Z,2026-08-15T16:30:13Z
EMSR737,1,"Wildfire in Korinthia, Greece",Wildfire,Greece,2024-07-11T10:30:00,2026-08-15T16:30:14Z,2026-08-15T16:30:14Z
EMSR738,1,Wildfire in Bulgaria,Wildfire,Bulgaria,2024-07-18T12:00:00,2026-08-15T16:30:15Z,2026-08-15T16:30:15Z
EMSR739,1,Wildfires in Slovenia,Wildfire,Slovenia,2024-07-18T06:00:00,2026-08-15T16:30:15Z,2026-08-15T16:30:15Z
EMSR740,1,"Wildfire in the Slavyanka Mountain, Bulgaria and Greece",Wildfire,Bulgaria,2024-07-24T15:00:00,2026-08-15T16:30:16Z,2026-08-15T16:30:16Z
EMSR741,1,"Oil Spill in Manila Bay, Philippines",Other,Philippines,2024-07-25T09:00:00,2026-08-15T16:30:17Z,2026-08-15T16:30:17Z
EMSR742,1,Storm in Latvia,Storm,Latvia,2024-07-28T15:00:00,2026-08-15T16:30:18Z,2026-08-15T16:30:18Z
EMSR743,1,"Wildfire in Central Greece, Greece",Wildfire,Greece,2024-07-29T12:00:00,2026-08-15T16:30:18Z,2026-08-15T16:30:18Z
EMSR744,1,"Wildfire in Evia Island, Central Greece, Greece",Wildfire,Greece,2024-07-31T13:00:00,2026-08-15T16:30:19Z,2026-08-15T16:30:19Z
EMSR745,1,"Wildfire in Crete, Greece",Wildfire,Greece,2024-08-07T13:42:00,2026-08-15T16:30:20Z,2026-08-15T16:30:20Z
EMSR746,1,"Wildfire in Attica region, Greece",Wildfire,Greece,2024-08-11T12:00:00,2026-08-15T16:30:20Z,2026-08-15T16:30:20Z
EMSR747,1,"Wildfire in Central Macedonia region, Greece",Wildfire,Greece,2024-08-09T15:30:00,2026-08-15T16:30:21Z,2026-08-15T16:30:21Z
EMSR748,1,"Wildfire in Central Madeira, Portugal",Wildfire,Portugal,2024-08-14T12:00:00,2026-08-15T16:30:22Z,2026-08-15T16:30:22Z
EMSR749,1,"Wildfire in Kavala, Greece",Wildfire,Greece,2024-08-22T09:34:00,2026-08-15T16:30:23Z,2026-08-15T16:30:23Z
EMSR750,1,Flood in Sudan,Flood,Sudan,2024-08-25T12:00:00,2026-08-15T16:30:24Z,2026-08-15T16:30:24Z
EMSR751,1,"Mass movement in Campania Region, Italy",Mass movement,Italy,2024-08-27T12:00:00,2026-08-15T16:30:25Z,2026-08-15T16:30:25Z
EMSR752,1,"Wildfires in Saxony-Anhalt, Germany",Wildfire,Germany,2024-09-06T00:00:00,2026-08-15T16:30:25Z,2026-08-15T16:30:25Z
EMSR753,1,"Flood in Borno, Nigeria",Flood,Nigeria,2024-09-10T00:00:00,2026-08-15T16:30:26Z,2026-08-15T16:30:26Z
EMSR754,1,Flood in Viet Nam,Flood,Viet Nam,2024-09-09T06:00:00,2026-08-15T16:30:27Z,2026-08-15T16:30:27Z
EMSR755,1,"Flood in Brandenbourg, Germany",Flood,Germany,2024-09-14T12:00:00,2026-08-15T16:30:28Z,2026-08-15T16:30:28Z
EMSR756,1,Flood in South West Poland,Flood,"Poland,Czechia",2024-09-14T00:00:00,2026-08-15T16:30:29Z,2026-08-15T16:30:29Z
EMSR757,1,"Flood in March, Morava Basins, Slovakia",Flood,Slovakia,2024-09-13T15:00:00,2026-08-15T16:30:30Z,2026-08-15T16:30:30Z
EMSR758,1,"Flood in Galati and Vaslui counties, Romania",Flood,Romania,2024-09-14T05:00:00,2026-08-15T16:30:30Z,2026-08-15T16:30:30Z
EMSR759,1,"Flood on the Danube in Hungary, Austria, and Slovakia",Flood,"Hungary,Austria,Slovakia",2024-09-13T06:00:00,2026-08-15T16:30:31Z,2026-08-15T16:30:31Z
EMSR760,1,Wildfire in Portugal,Wildfire,Portugal,2024-09-15T11:00:00,2026-08-15T16:30:32Z,2026-08-15T16:30:32Z
EMSR761,1,"Flood in Dresden, Germany",Flood,Germany,2024-09-18T12:00:00,2026-08-15T16:30:33Z,2026-08-15T16:30:33Z
EMSR762,1,"Flood in Emilia-Romagna, Italy",Flood,Italy,2024-09-18T06:00:00,2026-08-15T16:30:34Z,2026-08-15T16:30:34Z
EMSR763,1,Flood in Germany,Flood,Germany,2024-09-22T12:00:00,2026-08-15T16:30:35Z,2026-08-15T16:30:35Z
EMSR764,1,"Flood in Lower Austria, Austria",Flood,Austria,2024-09-14T12:00:00,2026-08-15T16:30:35Z,2026-08-15T16:30:35Z
EMSR765,1,Wildfire in Bolivia,Wildfire,Bolivia,2024-08-04T12:00:00,2026-08-15T16:30:36Z,2026-08-15T16:30:36Z
EMSR766,1,Flood in Croatia,Flood,Croatia,2024-09-25T12:00:00,2026-08-15T16:30:37Z,2026-08-15T16:30:37Z
EMSR767,1,"Wildfire in Corinthia, Greece",Wildfire,Greece,2024-09-29T08:00:00,2026-08-15T16:30:38Z,2026-08-15T16:30:38Z
EMSR768,1,Flood in Croatia and Slovenia,Flood,"Slovenia,Croatia",2024-10-04T14:00:00,2026-08-15T16:30:39Z,2026-08-15T16:30:39Z
EMSR769,1,"Wildfire in Geraki, Greece",Wildfire,Greece,2024-10-04T13:49:00,2026-08-15T16:30:39Z,2026-08-15T16:30:39Z
EMSR770,1,Flood in Bosnia and Herzegovina,Flood,Bosnia and Herzegovina,2024-10-04T00:00:00,2026-08-15T16:30:40Z,2026-08-15T16:30:40Z
EMSR771,1,"Flood in Emilia- Romagna, Italy",Flood,Italy,2024-10-20T12:00:00,2026-08-15T16:30:41Z,2026-08-15T16:30:41Z
EMSR772,1,Flood in Cameroon,Flood,Cameroon,2024-10-25T12:00:00,2026-08-15T16:30:42Z,2026-08-15T16:30:42Z
EMSR773,1,"Flood in Valencia Region, Spain",Flood,Spain,2024-10-29T14:30:00,2026-08-15T16:30:43Z,2026-08-15T16:30:43Z
EMSR774,1,"Floods in Veracruz, Mexico",Flood,Mexico,2024-10-28T06:00:00,2026-08-15T16:30:43Z,2026-08-15T16:30:43Z
EMSR775,1,Flood in Norway,Flood,Norway,2024-10-31T23:00:00,2026-08-15T16:30:44Z,2026-08-15T16:30:44Z
EMSR776,1,Flood in Panama,Flood,Panama,2024-11-04T05:30:00,2026-08-15T16:30:45Z,2026-08-15T16:30:45Z
EMSR777,1,Tropical Storm Sara in Belize,Storm,Belize,2024-11-15T03:00:00,2026-08-15T16:30:46Z,2026-08-15T16:30:46Z
EMSR778,1,Tropical Storm Sara in Honduras,Storm,Honduras,2024-11-16T23:30:00,2026-08-15T16:30:47Z,2026-08-15T16:30:47Z
EMSR779,1,Flood in Cameroon,Flood,Cameroon,2024-11-21T00:00:00,2026-08-15T16:30:47Z,2026-08-15T16:30:47Z
EMSR780,1,"Tropical Cyclone CHIDO in Mayotte, France",Storm,France,2024-12-14T02:00:00,2026-08-15T16:30:48Z,2026-08-15T16:30:48Z
EMSR781,1,Tropical Cyclone CHIDO in Mozambique,Storm,Mozambique,2024-12-15T02:00:00,2026-08-15T16:30:49Z,2026-08-15T16:30:49Z
EMSR782,1,Earthquake in Vanuatu,Earthquake,Vanuatu,2024-12-17T02:00:00,2026-08-15T16:30:50Z,2026-08-15T16:30:50Z
EMSR783,1,"Flood in Scotland, United Kingdom",Flood,United Kingdom,2024-12-30T18:18:00,2026-08-15T16:30:51Z,2026-08-15T16:30:51Z
EMSR784,1,"Wildfire in New Caledonia, France",Wildfire,France,2025-01-08T12:00:00,2026-08-15T16:30:51Z,2026-08-15T16:30:51Z
EMSR785,1,"Wildfire in Amsterdam Island, France",Wildfire,France,2025-01-16T00:00:00,2026-08-15T16:30:52Z,2026-08-15T16:30:52Z
EMSR786,1,Storm in Ireland,Storm,Ireland,2025-01-24T01:00:00,2026-08-15T16:30:53Z,2026-08-15T16:30:53Z
EMSR787,1,Storm in United Kingdom,Storm,United Kingdom,2025-01-24T10:00:00,2026-08-15T16:30:54Z,2026-08-15T16:30:54Z
EMSR788,1,"Flood in Ille-et-Vilaine, France",Flood,France,2025-01-30T00:00:00,2026-08-15T16:30:55Z,2026-08-15T16:30:55Z
EMSR789,1,Flood in Ecuador,Flood,Ecuador,2025-02-26T15:58:00,2026-08-15T16:30:56Z,2026-08-15T16:30:56Z
EMSR790,1,"Storm in La Reunion, France",Storm,France,2025-02-27T19:00:00,2026-08-15T16:30:56Z,2026-08-15T16:30:56Z
EMSR791,1,"Snowfall impact in Guria, Georgia",Other,Georgia,2025-02-20T00:00:00,2026-08-15T16:30:57Z,2026-08-15T16:30:57Z
EMSR792,1,"Flood in Valencia, Spain",Flood,Spain,2025-03-05T12:00:00,2026-08-15T16:30:58Z,2026-08-15T16:30:58Z
EMSR793,1,Tropical Cyclone JUDE in Mozambique,Storm,Mozambique,2025-03-10T01:00:00,2026-08-15T16:30:59Z,2026-08-15T16:30:59Z
EMSR794,1,"Flood in Madrid, Toledo and Guadalajara Provinces, Spain",Flood,Spain,2025-03-08T12:00:00,2026-08-15T16:31:00Z,2026-08-15T16:31:00Z
EMSR795,1,Flood in Italy,Flood,Italy,2025-03-14T12:00:00,2026-08-15T16:31:01Z,2026-08-15T16:31:01Z
EMSR796,1,Flood In Ecuador,Flood,Ecuador,2025-02-26T13:58:00,2026-08-15T16:31:02Z,2026-08-15T16:31:02Z
EMSR797,1,Flood in northern Bosnia-Herzegovina,Flood,Bosnia and Herzegovina,2025-03-27T18:00:00,2026-08-15T16:31:03Z,2026-08-15T16:31:03Z
EMSR798,1,Earthquakes in Myanmar,Earthquake,Myanmar,2025-03-28T08:00:00,2026-08-15T16:31:04Z,2026-08-15T16:31:04Z
EMSR799,1,Flood in Bolivia,Flood,Bolivia,2025-04-04T00:00:00,2026-08-15T16:31:05Z,2026-08-15T16:31:05Z
EMSR800,1,Flood in Lombardy - Italy,Flood,Italy,2025-04-17T00:00:00,2026-08-15T16:31:06Z,2026-08-15T16:31:06Z
EMSR801,1,Wildfire in Poland,Wildfire,Poland,2025-04-20T12:30:00,2026-08-15T16:31:06Z,2026-08-15T16:31:06Z
EMSR802,1,Flood in Romania,Flood,Romania,2025-05-26T10:00:00,2026-08-15T16:31:07Z,2026-08-15T16:31:07Z
EMSR803,1,Public event in Austria,Other,Austria,2025-06-11T12:00:00,2026-08-15T16:31:08Z,2026-08-15T16:31:08Z
EMSR804,1,Wildfires in western Germany,Wildfire,Germany,2025-06-14T14:45:00,2026-08-15T16:31:09Z,2026-08-15T16:31:09Z
EMSR805,1,Tropical Cyclone ERICK-25 in Mexico,Storm,Mexico,2025-06-19T12:00:00,2026-08-15T16:31:09Z,2026-08-15T16:31:09Z
EMSR806,1,Wildfires on Chios Island Greece,Wildfire,Greece,2025-06-22T11:00:00,2026-08-15T16:31:10Z,2026-08-15T16:31:10Z
EMSR807,1,Wildfire in Greece,Wildfire,Greece,2025-06-26T09:35:00,2026-08-15T16:31:11Z,2026-08-15T16:31:11Z
EMSR808,1,"Storm in Gironde Coast, France",Storm,France,2025-06-24T22:00:00,2026-08-15T16:31:12Z,2026-08-15T16:31:12Z
EMSR809,1,"Wildfire in Crete, Greece",Wildfire,Greece,2025-07-02T13:12:00,2026-08-15T16:31:12Z,2026-08-15T16:31:12Z
EMSR810,1,"Wildfire in Saxony, Germany",Wildfire,Germany,2025-07-02T14:30:00,2026-08-15T16:31:13Z,2026-08-15T16:31:13Z
EMSR811,1,"Wildfire in Latakia, Syria",Wildfire,Syria,2025-07-03T12:00:00,2026-08-15T16:31:14Z,2026-08-15T16:31:14Z
EMSR812,1,"Wildfire in Pauls, Spain",Wildfire,Spain,2025-07-07T12:40:00,2026-08-15T16:31:15Z,2026-08-15T16:31:15Z
EMSR813,1,Flood in Ecuador,Flood,Ecuador,2025-07-03T02:00:00,2026-08-15T16:31:15Z,2026-08-15T16:31:15Z
EMSR814,1,Earthquake in Guatemala,Earthquake,Guatemala,2025-07-08T21:41:00,2026-08-15T16:31:16Z,2026-08-15T16:31:16Z
EMSR815,1,"Wildfire in Peloponnese, Greece",Wildfire,Greece,2025-07-22T13:20:00,2026-08-15T16:31:17Z,2026-08-15T16:31:17Z
EMSR816,1,Wildfire in Albania,Wildfire,Albania,2025-07-23T00:00:00,2026-08-15T16:31:18Z,2026-08-15T16:31:18Z
EMSR817,1,Wildfires in Castilla y Leon Spain,Wildfire,Spain,2025-07-18T14:10:00,2026-08-15T16:31:18Z,2026-08-15T16:31:18Z
EMSR818,1,"Wildfire in Kythira Island, Greece",Wildfire,Greece,2025-07-26T12:26:00,2026-08-15T16:31:19Z,2026-08-15T16:31:19Z
EMSR819,1,"Wildfire in Evia Island, Greece",Wildfire,Greece,2025-07-26T14:41:00,2026-08-15T16:31:20Z,2026-08-15T16:31:20Z
EMSR820,1,"Wildfire in East Attica, Greece",Wildfire,Greece,2025-07-26T16:24:00,2026-08-15T16:31:21Z,2026-08-15T16:31:21Z
EMSR821,1,"Wildfire in Peloponnese, Greece",Wildfire,Greece,2025-07-26T13:08:00,2026-08-15T16:31:21Z,2026-08-15T16:31:21Z
EMSR822,1,Wildfire in Bulgaria and Republic of Serbia,Wildfire,Bulgaria,2025-07-26T08:00:00,2026-08-15T16:31:22Z,2026-08-15T16:31:22Z
EMSR823,1,"Wildfire in Crete Island, Greece",Wildfire,Greece,2025-07-26T12:29:00,2026-08-15T16:31:23Z,2026-08-15T16:31:23Z
EMSR824,1,Wildfire in Portugal,Wildfire,Portugal,2025-07-26T15:16:00,2026-08-15T16:31:24Z,2026-08-15T16:31:24Z
EMSR825,1,"Wildfire in Central Macedonia, Greece",Wildfire,Greece,2025-07-29T14:00:00,2026-08-15T16:31:24Z,2026-08-15T16:31:24Z
EMSR826,1,Wildfire in Spain,Wildfire,Spain,2025-07-28T23:10:00,2026-08-15T16:31:25Z,2026-08-15T16:31:25Z
EMSR827,1,"Public Event in Bavaria, Germany",Other,Germany,2025-08-11T12:00:00,2026-08-15T16:31:26Z,2026-08-15T16:31:26Z
EMSR828,1,"Wildfire in Attica, Greece",Wildfire,Greece,2025-08-08T11:04:00,2026-08-15T16:31:27Z,2026-08-15T16:31:27Z
EMSR829,1,"Wildfire in Western Greece, Greece",Wildfire,Greece,2025-08-08T15:22:00,2026-08-15T16:31:27Z,2026-08-15T16:31:27Z
EMSR830,1,"Wildfire in Campania, Italy",Wildfire,Italy,2025-08-09T07:00:00,2026-08-15T16:31:28Z,2026-08-15T16:31:28Z
EMSR831,1,"Wildfire in Beiras e Serra da Estrela, Portugal",Wildfire,Portugal,2025-08-09T16:21:00,2026-08-15T16:31:29Z,2026-08-15T16:31:29Z
EMSR832,1,"Wildfires in Zakynthos island, Greece.",Wildfire,Greece,2025-08-12T04:00:00,2026-08-15T16:31:30Z,2026-08-15T16:31:30Z
EMSR833,1,"Wildfires in Western Greece region, Greece",Wildfire,Greece,2025-08-12T09:40:00,2026-08-15T16:31:30Z,2026-08-15T16:31:30Z
EMSR834,1,"Wildfire in Chios, Greece",Wildfire,Greece,2025-08-12T11:17:00,2026-08-15T16:31:31Z,2026-08-15T16:31:31Z
EMSR835,1,"Wildfire in Ipeiros, Greece",Wildfire,Greece,2025-08-12T06:59:00,2026-08-15T16:31:32Z,2026-08-15T16:31:32Z
EMSR836,1,Wildfires in Montenegro,Wildfire,Montenegro,2025-08-10T00:00:00,2026-08-15T16:31:32Z,2026-08-15T16:31:32Z
EMSR837,1,Wildfires in West Spain,Wildfire,Spain,2025-08-15T12:30:00,2026-08-15T16:31:33Z,2026-08-15T16:31:33Z
EMSR838,1,Flood in Pakistan,Flood,Pakistan,2025-08-29T12:00:00,2026-08-15T16:31:34Z,2026-08-15T16:31:34Z
EMSR839,1,Earthquake in Afghanistan,Earthquake,Afghanistan,2025-08-31T19:17:00,2026-08-15T16:31:35Z,2026-08-15T16:31:35Z
EMSR840,0,\N,\N,\N,\N,2026-08-15T16:31:36Z,2026-08-15T16:31:36Z
EMSR841,1,"Flood in Vasternorrland County, Sweden",Flood,Sweden,2025-09-06T18:00:00,2026-08-15T16:31:37Z,2026-08-15T16:31:37Z
EMSR842,1,Wildfire in Spain and Portugal,Wildfire,Spain,2025-09-08T19:00:00,2026-08-15T16:31:37Z,2026-08-15T16:31:37Z
EMSR843,1,Flood in Italy,Flood,Italy,2025-09-22T05:00:00,2026-08-15T16:31:38Z,2026-08-15T16:31:38Z
EMSR844,1,Flood in Viet Nam,Flood,Viet Nam,2025-10-08T03:00:00,2026-08-15T16:31:39Z,2026-08-15T16:31:39Z
EMSR845,1,Flood in Mexico,Flood,Mexico,2025-10-12T16:00:00,2026-08-15T16:31:39Z,2026-08-15T16:31:39Z
EMSR846,1,Flood in  Panama,Flood,Panama,2025-10-14T22:00:00,2026-08-15T16:31:40Z,2026-08-15T16:31:40Z
EMSR847,1,Tropical Cyclone Melissa in the Caribbean,Storm,"Haiti,Cuba,Jamaica",2025-10-26T12:00:00,2026-08-15T16:31:41Z,2026-08-15T16:31:41Z
EMSR848,1,Flood in central Viet Nam,Flood,Viet Nam,2025-10-29T13:00:00,2026-08-15T16:31:42Z,2026-08-15T16:31:42Z
EMSR849,1,Storm Claudia in Ireland,Storm,Ireland,2025-11-14T12:00:00,2026-08-15T16:31:43Z,2026-08-15T16:31:43Z
EMSR850,1,Flood in  Albania,Flood,Albania,2025-11-18T23:00:00,2026-08-15T16:31:44Z,2026-08-15T16:31:44Z
EMSR851,1,Flood in  Sri Lanka,Flood,Sri Lanka,2025-11-30T23:00:00,2026-08-15T16:31:45Z,2026-08-15T16:31:45Z
EMSR852,1,Wildfire in New Caledonia,Wildfire,"France,New Caledonia",2025-11-30T23:00:00,2026-08-15T16:31:46Z,2026-08-15T16:31:46Z
EMSR853,1,Flood in  Bolivia,Flood,Bolivia,2025-12-13T23:00:00,2026-08-15T16:31:47Z,2026-08-15T16:31:47Z
EMSR854,1,Flood in Bosnia and Herzegovina,Flood,Bosnia and Herzegovina,2026-01-06T15:45:00,2026-08-15T16:31:47Z,2026-08-15T16:31:47Z
EMSR855,1,Flood in  Italy,Flood,Italy,2026-01-06T12:00:00,2026-08-15T16:31:48Z,2026-08-15T16:31:48Z
EMSR856,1,Flood in  Albania and Montenegro,Flood,"Albania,Montenegro",2026-01-06T19:00:00,2026-08-15T16:31:49Z,2026-08-15T16:31:49Z
EMSR857,1,Flood in  Mozambique and South Africa,Flood,"Mozambique,South Africa",2026-01-10T23:00:00,2026-08-15T16:31:50Z,2026-08-15T16:31:50Z
EMSR858,1,Flood in  Southern Italy,Flood,Italy,2026-01-20T00:00:00,2026-08-15T16:31:51Z,2026-08-15T16:31:51Z
EMSR859,1,"Wildfires in the Biobio and Nuble Regions, Chile",Wildfire,Chile,2026-01-16T19:00:00,2026-08-15T16:31:51Z,2026-08-15T16:31:51Z
EMSR860,1,"Storm in Leinster Province, Ireland",Storm,Ireland,2026-01-27T00:00:00,2026-08-15T16:31:52Z,2026-08-15T16:31:52Z
EMSR861,1,"Storm Kristin and Flooding in Central Portugal, Galicia and Andalusia, Spain",Flood,"Spain,Portugal",2026-01-28T04:00:00,2026-08-15T16:31:53Z,2026-08-15T16:31:53Z
EMSR862,1,Olympic Winter Games in Italy,Other,Italy,2026-02-06T07:00:00,2026-08-15T16:31:54Z,2026-08-15T16:31:54Z
EMSR863,1,Tropical Cyclone FYTIA in  Madagascar,Storm,Madagascar,2026-01-30T23:00:00,2026-08-15T16:31:54Z,2026-08-15T16:31:54Z
EMSR864,1,Flood in Portugal and Spain,Flood,Portugal,2026-02-03T00:00:00,2026-08-15T16:31:55Z,2026-08-15T16:31:55Z
EMSR865,1,"Flood in Cordoba, Colombia",Flood,Colombia,2026-01-26T05:30:00,2026-08-15T16:31:56Z,2026-08-25T10:45:12Z
EMSR866,1,"Flood in New Aquitaine, France",Flood,France,2026-02-12T11:00:00,2026-08-15T16:31:57Z,2026-08-15T16:31:57Z
EMSR867,1,Tropical Cyclone GEZANI-26 in Madagascar,Storm,Madagascar,2026-02-10T15:00:00,2026-08-15T16:31:58Z,2026-08-15T16:31:58Z
EMSR868,1,"Flood in Evros River basin, Greece",Flood,Greece,2026-02-18T22:00:00,2026-08-15T16:31:58Z,2026-08-15T16:31:58Z
EMSR869,0,\N,\N,\N,\N,2026-08-15T16:31:59Z,2026-08-15T16:31:59Z
EMSR870,1,Flood in Ecuador,Flood,Ecuador,2026-03-02T23:00:00,2026-08-15T16:32:00Z,2026-08-15T16:32:00Z
EMSR871,1,"Flood in Abruzzo, Molise and Basilicata regions, Italy",Flood,Italy,2026-03-31T15:00:00,2026-08-15T16:32:01Z,2026-08-15T16:32:01Z
EMSR872,1,Tropical Cyclone Sinlaku in Micronesia,Storm,Micronesia,2026-04-08T22:00:00,2026-08-15T16:32:02Z,2026-08-15T16:32:02Z
EMSR873,1,"Wildfire in Tuscany, Italy",Wildfire,Italy,2026-04-28T22:00:00,2026-08-15T16:32:03Z,2026-08-15T16:32:03Z
EMSR874,1,"Wildfire in Rhineland-Palatinate, Germany",Wildfire,Germany,2026-05-01T14:45:00,2026-08-15T16:32:03Z,2026-08-15T16:32:03Z
EMSR875,1,"Wildfire in Bavaria, Germany",Wildfire,Germany,2026-05-03T10:00:00,2026-08-15T16:32:04Z,2026-08-15T16:32:04Z
EMSR876,0,\N,\N,\N,\N,2026-08-15T16:32:05Z,2026-08-15T16:32:05Z
EMSR877,1,"Public Event in Burgenland, Austria",Other,Austria,2026-06-11T12:00:00,2026-08-15T16:32:05Z,2026-08-15T16:32:05Z
EMSR878,1,"Wildfire in Mazovia, Poland",Wildfire,Poland,2026-05-27T22:00:00,2026-08-15T16:32:06Z,2026-08-15T16:32:06Z
EMSR879,0,\N,\N,\N,\N,2026-08-15T16:32:07Z,2026-08-15T16:32:07Z
EMSR880,0,\N,\N,\N,\N,2026-08-15T16:32:08Z,2026-08-15T16:32:08Z
EMSR881,1,"Forest fire in Huelva, Spain",Wildfire,Spain,2026-06-08T11:30:00,2026-08-15T16:32:08Z,2026-08-15T16:32:08Z
EMSR882,1,Earthquake in the southern Philippines,Earthquake,Philippines,2026-06-06T22:00:00,2026-08-15T16:32:09Z,2026-08-15T16:32:09Z
EMSR883,1,Wildfire in Greenland,Wildfire,"Greenland,Denmark",2026-06-15T22:00:00,2026-08-15T16:32:10Z,2026-08-15T16:32:10Z
EMSR884,1,Earthquake in Venezuela,Earthquake,Venezuela,2026-06-24T16:04:00,2026-08-15T16:32:11Z,2026-08-15T16:32:11Z
EMSR885,1,"Wildfire in Aragon, Spain",Wildfire,Spain,2026-06-25T13:10:00,2026-08-15T16:32:12Z,2026-08-15T16:32:12Z
EMSR886,1,"Wildfire in Rhineland-Palatinate, Germany",Wildfire,Germany,2026-06-27T15:00:00,2026-08-15T16:32:12Z,2026-08-15T16:32:12Z
EMSR887,1,"Wildfire in Congosto, Spain",Wildfire,Spain,2026-06-24T19:17:00,2026-08-15T16:32:13Z,2026-08-15T16:32:13Z
EMSR888,1,"Wildfires in Les Gavarres, Spain",Wildfire,Spain,2026-07-03T07:16:00,2026-08-15T16:32:14Z,2026-08-15T16:32:14Z
EMSR889,1,"Wildfire in Pyrenees Regional Park, France",Wildfire,France,2026-07-05T08:25:00,2026-08-15T16:32:14Z,2026-08-15T16:32:14Z
EMSR890,1,"Wildfire in Diois, France",Wildfire,France,2026-07-07T09:00:00,2026-08-15T16:32:15Z,2026-08-15T16:32:15Z
EMSR891,0,\N,\N,\N,\N,2026-08-15T16:32:16Z,2026-08-15T16:32:16Z
EMSR892,1,"Wildfire in Andalusia, Spain",Wildfire,Spain,2026-07-09T14:25:00,2026-08-15T16:32:17Z,2026-08-15T16:32:17Z
EMSR893,1,"Wildfire in Island of Korcula, Croatia",Wildfire,Croatia,2026-07-11T18:30:00,2026-08-15T16:32:17Z,2026-08-15T16:32:17Z
EMSR894,1,"Wildfire in Fontainebleau, France",Wildfire,France,2026-07-12T15:00:00,2026-08-15T16:32:18Z,2026-08-15T16:32:18Z
EMSR895,1,"Wildfire in Glenmore, United Kingdom",Wildfire,United Kingdom,2026-07-15T11:00:00,2026-08-15T16:32:19Z,2026-08-15T16:32:19Z
EMSR896,1,"Wildfire in Aragon, Spain",Wildfire,Spain,2026-07-15T13:25:00,2026-08-15T16:32:20Z,2026-08-15T16:32:20Z
EMSR897,1,"Wildfire in Tintwistle, United Kingdom",Wildfire,United Kingdom,2026-07-16T23:00:00,2026-08-15T16:32:20Z,2026-08-15T16:32:20Z
EMSR898,1,"Wildfire in La Mierla, Spain",Wildfire,Spain,2026-07-19T22:00:00,2026-08-15T16:32:21Z,2026-08-15T16:32:21Z
EMSR899,1,"Wildfire in Saumos, France",Wildfire,France,2026-07-22T18:00:00,2026-08-15T16:32:22Z,2026-08-15T16:32:22Z
EMSR900,1,Wildfire in Central Spain,Wildfire,Spain,2026-07-20T01:07:00,2026-08-15T16:32:23Z,2026-08-15T16:32:23Z
EMSR901,1,"Wildfire in Primstal, Germany",Wildfire,Germany,2026-07-23T15:30:00,2026-08-15T16:32:24Z,2026-08-15T16:32:24Z
EMSR902,1,"Wildfire in Biscarrosse, France",Wildfire,France,2026-07-23T14:00:00,2026-08-15T16:32:24Z,2026-08-15T16:32:24Z
EMSR903,1,"Wildfire in Le Kef and Beja Governorates, Tunisia",Wildfire,Tunisia,2026-07-24T14:15:00,2026-08-15T16:32:25Z,2026-08-15T16:32:25Z
EMSR904,1,"Wildfire in Aviemore, United Kingdom",Wildfire,United Kingdom,2026-07-24T17:06:00,2026-08-15T16:32:26Z,2026-08-15T16:32:26Z
EMSR905,1,"Wildfires in Plana Baixa, Spain",Wildfire,Spain,2026-07-25T10:07:00,2026-08-15T16:32:27Z,2026-08-15T16:32:27Z
EMSR906,1,"Wildfires in Province of Leon, Spain",Wildfire,Spain,2026-07-22T03:00:00,2026-08-15T16:32:27Z,2026-08-15T16:32:27Z
EMSR907,1,"Wildfires in Crete Island, Greece",Wildfire,Greece,2026-07-29T10:25:00,2026-08-15T16:32:28Z,2026-08-15T16:32:28Z
EMSR908,1,"Wildfires in Castilla y Leon, Spain and Norte, Portugal",Wildfire,"Spain,Portugal",2026-07-28T23:07:00,2026-08-15T16:32:29Z,2026-08-15T16:32:29Z
EMSR909,1,"Wildfires in Viotia, Greece",Wildfire,Greece,2026-07-31T03:35:00,2026-08-15T16:32:30Z,2026-08-15T16:32:30Z
EMSR910,1,"Wildfire in Achaia, Greece",Wildfire,Greece,2026-07-31T14:05:00,2026-08-15T16:32:30Z,2026-08-15T16:32:30Z
EMSR911,0,\N,\N,\N,\N,2026-08-15T16:32:31Z,2026-08-15T16:32:31Z
EMSR912,1,Volcano eruption in Guatemala,Volcanic activity,Guatemala,2026-08-02T23:00:00,2026-08-15T16:32:32Z,2026-08-15T16:32:32Z
EMSR913,1,"Wildfire in Huelva, Spain",Wildfire,Spain,2026-08-06T10:00:00,2026-08-15T16:32:33Z,2026-08-15T16:32:33Z
EMSR914,1,Wildfire in Serbia,Wildfire,Serbia,2026-08-02T10:00:00,2026-08-15T16:32:33Z,2026-08-15T16:32:33Z
EMSR915,1,"Wildfire in Mallakaster municipality, Albania",Wildfire,Albania,2026-08-05T06:00:00,2026-08-15T16:32:34Z,2026-08-15T16:32:34Z
EMSR916,1,Earthquake in Colombia,Earthquake,Colombia,2026-08-10T12:30:00,2026-08-15T16:32:35Z,2026-08-25T10:45:13Z
EMSR917,1,"Wildfire in Lura National Park, Albania",Wildfire,Albania,2026-08-11T12:00:00,2026-08-15T16:32:36Z,2026-08-15T16:32:36Z
EMSR918,1,"Wildfire in Central Macedonia, Greece",Wildfire,Greece,2026-08-13T09:00:00,2026-08-15T16:32:36Z,2026-08-15T16:32:36Z
EMSR919,0,\N,\N,\N,\N,2026-08-15T16:32:37Z,2026-08-15T16:32:37Z
EMSR920,1,"Wildfire in Huertgen Forest, Germany and Belgium",Wildfire,Germany,2026-08-13T12:55:00,2026-08-15T16:32:38Z,2026-08-15T16:32:38Z
EMSR921,1,Wildfire in Spain,Wildfire,Spain,2026-08-10T10:08:00,2026-08-15T16:32:39Z,2026-08-15T16:32:39Z
EMSR922,1,Wildfire in Montenegro,Wildfire,Montenegro,2026-08-14T22:00:00,2026-08-15T16:32:39Z,2026-08-16T10:41:23Z
EMSR923,1,"Wildfire In Skyros, Greece",Wildfire,Greece,2026-08-15T10:50:00,2026-08-15T16:32:40Z,2026-08-16T10:41:24Z
EMSR924,1,"Wildfire in Friuli, Italy",Wildfire,Italy,2026-08-13T22:00:00,2026-08-15T16:32:41Z,2026-08-16T10:41:25Z
EMSR925,1,"Wildfire in Segorbe, Spain",Wildfire,Spain,2026-08-20T10:08:00,2026-08-15T16:32:41Z,2026-08-22T10:41:12Z
EMSR926,1,Flood in Latvia and Lithuania,Flood,"Latvia,Lithuania",2026-08-21T21:00:00,2026-08-15T16:32:42Z,2026-08-23T10:41:13Z
EMSR927,0,\N,\N,\N,\N,2026-08-15T16:32:43Z,2026-08-25T10:45:14Z
EMSR928,0,\N,\N,\N,\N,2026-08-15T16:32:43Z,2026-08-25T10:45:15Z
EMSR929,0,\N,\N,\N,\N,2026-08-15T16:32:44Z,2026-08-25T10:45:17Z
EMSR930,0,\N,\N,\N,\N,2026-08-15T16:32:45Z,2026-08-25T10:45:18Z
EMSR931,0,\N,\N,\N,\N,2026-08-15T16:32:46Z,2026-08-25T10:45:19Z
EMSR932,0,\N,\N,\N,\N,2026-08-15T16:32:46Z,2026-08-25T10:45:20Z
EMSR933,0,\N,\N,\N,\N,2026-08-15T16:32:47Z,2026-08-25T10:45:21Z
EMSR934,0,\N,\N,\N,\N,2026-08-15T16:32:48Z,2026-08-25T10:45:22Z
EMSR935,0,\N,\N,\N,\N,2026-08-15T16:32:48Z,2026-08-25T10:45:23Z
EMSR936,0,\N,\N,\N,\N,2026-08-15T16:32:49Z,2026-08-25T10:45:24Z
EMSR937,0,\N,\N,\N,\N,2026-08-15T16:32:50Z,2026-08-25T10:45:25Z
EMSR938,0,\N,\N,\N,\N,2026-08-15T16:32:50Z,2026-08-25T10:45:26Z
EMSR939,0,\N,\N,\N,\N,2026-08-15T16:32:51Z,2026-08-25T10:45:27Z
EMSR940,0,\N,\N,\N,\N,2026-08-15T16:32:51Z,2026-08-25T10:45:28Z
EMSR941,0,\N,\N,\N,\N,2026-08-15T16:32:52Z,2026-08-25T10:45:29Z
EMSR942,0,\N,\N,\N,\N,2026-08-15T16:32:53Z,2026-08-25T10:45:30Z
EMSR943,0,\N,\N,\N,\N,2026-08-15T16:32:53Z,2026-08-25T10:45:31Z
EMSR944,0,\N,\N,\N,\N,2026-08-15T16:32:54Z,2026-08-25T10:45:32Z
EMSR945,0,\N,\N,\N,\N,2026-08-15T16:32:55Z,2026-08-25T10:45:33Z
EMSR946,0,\N,\N,\N,\N,2026-08-15T16:32:56Z,2026-08-25T10:45:35Z
EMSR947,0,\N,\N,\N,\N,2026-08-16T13:27:49Z,2026-08-25T10:45:36Z
EMSR948,0,\N,\N,\N,\N,2026-08-16T13:27:50Z,2026-08-25T10:45:37Z
EMSR949,0,\N,\N,\N,\N,2026-08-16T13:27:51Z,2026-08-25T10:45:38Z
EMSR950,0,\N,\N,\N,\N,2026-08-23T10:41:34Z,2026-08-25T10:45:39Z
EMSR951,0,\N,\N,\N,\N,2026-08-24T10:47:21Z,2026-08-25T10:45:40Z
