sitrep_n,idx,fecha_corte,ambito,concepto,valor,valor_raw,nivel_complejidad,autor,fuente_citada,nota,first_seen
1,0,2026-08-10,nacional,ips_reportadas_monitoreo_ops,24.0,24,\N,Secretarías de salud y consultores OPS/OMS en terreno,"Monitoreo conjunto secretarías de salud + OPS/OMS, corte 10-ago-2026 13:30","Recuento preliminar por monitoreo directo, no por reporte UNGRD; sujeto a cambios.",2026-08-30T11:06:29Z
2,0,2026-08-10,nacional,ips_reportadas_monitoreo_ops,24.0,24,\N,Secretarías de salud y consultores OPS/OMS en terreno,"Monitoreo conjunto secretarías de salud + OPS/OMS, corte 10-ago-2026 19:30","El párrafo del sitrep cita corte 17:30 y la Tabla 1 cita 19:30 — discrepancia del propio documento, se conserva la de la tabla.",2026-08-30T11:06:31Z
3,0,2026-08-11,nacional,ips_reportadas_ungrd,109.0,109,\N,UNGRD,"Reporte Situacional No. 009, UNGRD, corte 11-ago-2026 17:00",\N,2026-08-30T11:06:31Z
4,0,2026-08-13,Caldas,ips_identificadas_msps,4.0,4,1,Ministerio de Salud y Protección Social y secretarías de salud territoriales,"Sitrep 4 OPS/OMS, Tabla 2, corte 13-ago-2026 07:00h",\N,2026-08-30T11:06:32Z
4,1,2026-08-13,Caldas,ips_identificadas_msps,2.0,2,2,Ministerio de Salud y Protección Social y secretarías de salud territoriales,"Sitrep 4 OPS/OMS, Tabla 2, corte 13-ago-2026 07:00h",\N,2026-08-30T11:06:32Z
4,2,2026-08-13,Caldas,ips_identificadas_msps,2.0,2,3,Ministerio de Salud y Protección Social y secretarías de salud territoriales,"Sitrep 4 OPS/OMS, Tabla 2, corte 13-ago-2026 07:00h",\N,2026-08-30T11:06:32Z
4,3,2026-08-13,Caldas,ips_identificadas_msps,\N,-,4,Ministerio de Salud y Protección Social y secretarías de salud territoriales,"Sitrep 4 OPS/OMS, Tabla 2, corte 13-ago-2026 07:00h",\N,2026-08-30T11:06:32Z
4,4,2026-08-13,Caldas,ips_identificadas_msps,8.0,8,\N,Ministerio de Salud y Protección Social y secretarías de salud territoriales,"Sitrep 4 OPS/OMS, Tabla 2, corte 13-ago-2026 07:00h",Total del departamento (fila 'Total general' de la matriz para esta columna).,2026-08-30T11:06:32Z
4,5,2026-08-13,Cauca,ips_identificadas_msps,2.0,2,1,Ministerio de Salud y Protección Social y secretarías de salud territoriales,"Sitrep 4 OPS/OMS, Tabla 2, corte 13-ago-2026 07:00h",\N,2026-08-30T11:06:32Z
4,6,2026-08-13,Cauca,ips_identificadas_msps,2.0,2,2,Ministerio de Salud y Protección Social y secretarías de salud territoriales,"Sitrep 4 OPS/OMS, Tabla 2, corte 13-ago-2026 07:00h",\N,2026-08-30T11:06:32Z
4,7,2026-08-13,Cauca,ips_identificadas_msps,1.0,1,3,Ministerio de Salud y Protección Social y secretarías de salud territoriales,"Sitrep 4 OPS/OMS, Tabla 2, corte 13-ago-2026 07:00h",\N,2026-08-30T11:06:32Z
4,8,2026-08-13,Cauca,ips_identificadas_msps,1.0,1,4,Ministerio de Salud y Protección Social y secretarías de salud territoriales,"Sitrep 4 OPS/OMS, Tabla 2, corte 13-ago-2026 07:00h",\N,2026-08-30T11:06:32Z
4,9,2026-08-13,Cauca,ips_identificadas_msps,6.0,6,\N,Ministerio de Salud y Protección Social y secretarías de salud territoriales,"Sitrep 4 OPS/OMS, Tabla 2, corte 13-ago-2026 07:00h",Total del departamento (fila 'Total general' de la matriz para esta columna).,2026-08-30T11:06:32Z
4,10,2026-08-13,Chocó,ips_identificadas_msps,26.0,26,1,Ministerio de Salud y Protección Social y secretarías de salud territoriales,"Sitrep 4 OPS/OMS, Tabla 2, corte 13-ago-2026 07:00h",\N,2026-08-30T11:06:32Z
4,11,2026-08-13,Chocó,ips_identificadas_msps,2.0,2,2,Ministerio de Salud y Protección Social y secretarías de salud territoriales,"Sitrep 4 OPS/OMS, Tabla 2, corte 13-ago-2026 07:00h",\N,2026-08-30T11:06:32Z
4,12,2026-08-13,Chocó,ips_identificadas_msps,\N,-,3,Ministerio de Salud y Protección Social y secretarías de salud territoriales,"Sitrep 4 OPS/OMS, Tabla 2, corte 13-ago-2026 07:00h",\N,2026-08-30T11:06:32Z
4,13,2026-08-13,Chocó,ips_identificadas_msps,\N,-,4,Ministerio de Salud y Protección Social y secretarías de salud territoriales,"Sitrep 4 OPS/OMS, Tabla 2, corte 13-ago-2026 07:00h",\N,2026-08-30T11:06:32Z
4,14,2026-08-13,Chocó,ips_identificadas_msps,28.0,28,\N,Ministerio de Salud y Protección Social y secretarías de salud territoriales,"Sitrep 4 OPS/OMS, Tabla 2, corte 13-ago-2026 07:00h",Total del departamento (fila 'Total general' de la matriz para esta columna).,2026-08-30T11:06:32Z
4,15,2026-08-13,Quindío,ips_identificadas_msps,\N,-,1,Ministerio de Salud y Protección Social y secretarías de salud territoriales,"Sitrep 4 OPS/OMS, Tabla 2, corte 13-ago-2026 07:00h",\N,2026-08-30T11:06:32Z
4,16,2026-08-13,Quindío,ips_identificadas_msps,\N,-,2,Ministerio de Salud y Protección Social y secretarías de salud territoriales,"Sitrep 4 OPS/OMS, Tabla 2, corte 13-ago-2026 07:00h",\N,2026-08-30T11:06:32Z
4,17,2026-08-13,Quindío,ips_identificadas_msps,1.0,1,3,Ministerio de Salud y Protección Social y secretarías de salud territoriales,"Sitrep 4 OPS/OMS, Tabla 2, corte 13-ago-2026 07:00h",\N,2026-08-30T11:06:32Z
4,18,2026-08-13,Quindío,ips_identificadas_msps,\N,-,4,Ministerio de Salud y Protección Social y secretarías de salud territoriales,"Sitrep 4 OPS/OMS, Tabla 2, corte 13-ago-2026 07:00h",\N,2026-08-30T11:06:32Z
4,19,2026-08-13,Quindío,ips_identificadas_msps,1.0,1,\N,Ministerio de Salud y Protección Social y secretarías de salud territoriales,"Sitrep 4 OPS/OMS, Tabla 2, corte 13-ago-2026 07:00h",Total del departamento (fila 'Total general' de la matriz para esta columna).,2026-08-30T11:06:32Z
4,20,2026-08-13,Risaralda,ips_identificadas_msps,\N,-,1,Ministerio de Salud y Protección Social y secretarías de salud territoriales,"Sitrep 4 OPS/OMS, Tabla 2, corte 13-ago-2026 07:00h",\N,2026-08-30T11:06:32Z
4,21,2026-08-13,Risaralda,ips_identificadas_msps,1.0,1,2,Ministerio de Salud y Protección Social y secretarías de salud territoriales,"Sitrep 4 OPS/OMS, Tabla 2, corte 13-ago-2026 07:00h",\N,2026-08-30T11:06:32Z
4,22,2026-08-13,Risaralda,ips_identificadas_msps,\N,-,3,Ministerio de Salud y Protección Social y secretarías de salud territoriales,"Sitrep 4 OPS/OMS, Tabla 2, corte 13-ago-2026 07:00h",\N,2026-08-30T11:06:32Z
4,23,2026-08-13,Risaralda,ips_identificadas_msps,1.0,1,4,Ministerio de Salud y Protección Social y secretarías de salud territoriales,"Sitrep 4 OPS/OMS, Tabla 2, corte 13-ago-2026 07:00h",\N,2026-08-30T11:06:32Z
4,24,2026-08-13,Risaralda,ips_identificadas_msps,2.0,2,\N,Ministerio de Salud y Protección Social y secretarías de salud territoriales,"Sitrep 4 OPS/OMS, Tabla 2, corte 13-ago-2026 07:00h",Total del departamento (fila 'Total general' de la matriz para esta columna).,2026-08-30T11:06:32Z
4,25,2026-08-13,Valle del Cauca,ips_identificadas_msps,2.0,2,1,Ministerio de Salud y Protección Social y secretarías de salud territoriales,"Sitrep 4 OPS/OMS, Tabla 2, corte 13-ago-2026 07:00h",\N,2026-08-30T11:06:32Z
4,26,2026-08-13,Valle del Cauca,ips_identificadas_msps,6.0,6,2,Ministerio de Salud y Protección Social y secretarías de salud territoriales,"Sitrep 4 OPS/OMS, Tabla 2, corte 13-ago-2026 07:00h",\N,2026-08-30T11:06:32Z
4,27,2026-08-13,Valle del Cauca,ips_identificadas_msps,5.0,5,3,Ministerio de Salud y Protección Social y secretarías de salud territoriales,"Sitrep 4 OPS/OMS, Tabla 2, corte 13-ago-2026 07:00h",\N,2026-08-30T11:06:32Z
4,28,2026-08-13,Valle del Cauca,ips_identificadas_msps,1.0,1,4,Ministerio de Salud y Protección Social y secretarías de salud territoriales,"Sitrep 4 OPS/OMS, Tabla 2, corte 13-ago-2026 07:00h",\N,2026-08-30T11:06:32Z
4,29,2026-08-13,Valle del Cauca,ips_identificadas_msps,14.0,14,\N,Ministerio de Salud y Protección Social y secretarías de salud territoriales,"Sitrep 4 OPS/OMS, Tabla 2, corte 13-ago-2026 07:00h",Total del departamento (fila 'Total general' de la matriz para esta columna).,2026-08-30T11:06:32Z
4,30,2026-08-13,nacional,ips_identificadas_msps,34.0,34,1,Ministerio de Salud y Protección Social y secretarías de salud territoriales,"Sitrep 4 OPS/OMS, Tabla 2, corte 13-ago-2026 07:00h",\N,2026-08-30T11:06:32Z
4,31,2026-08-13,nacional,ips_identificadas_msps,13.0,13,2,Ministerio de Salud y Protección Social y secretarías de salud territoriales,"Sitrep 4 OPS/OMS, Tabla 2, corte 13-ago-2026 07:00h",\N,2026-08-30T11:06:32Z
4,32,2026-08-13,nacional,ips_identificadas_msps,9.0,9,3,Ministerio de Salud y Protección Social y secretarías de salud territoriales,"Sitrep 4 OPS/OMS, Tabla 2, corte 13-ago-2026 07:00h",\N,2026-08-30T11:06:32Z
4,33,2026-08-13,nacional,ips_identificadas_msps,3.0,3,4,Ministerio de Salud y Protección Social y secretarías de salud territoriales,"Sitrep 4 OPS/OMS, Tabla 2, corte 13-ago-2026 07:00h",\N,2026-08-30T11:06:32Z
4,34,2026-08-13,nacional,ips_identificadas_msps,59.0,59,\N,Ministerio de Salud y Protección Social y secretarías de salud territoriales,"Sitrep 4 OPS/OMS, Tabla 2, corte 13-ago-2026 07:00h",Total general de la matriz (Tabla 2).,2026-08-30T11:06:32Z
4,35,2026-08-13,nacional,ips_reportadas_ungrd,109.0,109,\N,UNGRD,"Citado en prosa por el Sitrep 4 OPS/OMS, sin número de reporte UNGRD propio; mismo valor que el Sitrep 3 (11-ago-2026)",El sitrep no aclara si UNGRD actualizó su conteo entre el 11 y el 13 de agosto o si repite la cifra del reporte anterior.,2026-08-30T11:06:32Z
5,0,2026-08-18,Chocó,ips_verificadas_crue,70.0,70,\N,Ministerio de Salud y Protección Social (verificado vía Centros Reguladores de Urgencias y Emergencias),"Sitrep 21, Ministerio de Salud y Protección Social, 18-ago-2026 (vía CRUE)",\N,2026-08-30T11:06:33Z
5,1,2026-08-18,Chocó,ips_priorizadas,19.0,19,\N,Ministerio de Salud y Protección Social,"Sitrep 21, Ministerio de Salud y Protección Social, 18-ago-2026 (vía CRUE)",\N,2026-08-30T11:06:33Z
5,2,2026-08-18,Valle del Cauca,ips_verificadas_crue,40.0,40,\N,Ministerio de Salud y Protección Social (verificado vía Centros Reguladores de Urgencias y Emergencias),"Sitrep 21, Ministerio de Salud y Protección Social, 18-ago-2026 (vía CRUE)",\N,2026-08-30T11:06:33Z
5,3,2026-08-18,Valle del Cauca,ips_priorizadas,9.0,9,\N,Ministerio de Salud y Protección Social,"Sitrep 21, Ministerio de Salud y Protección Social, 18-ago-2026 (vía CRUE)",\N,2026-08-30T11:06:33Z
5,4,2026-08-18,Risaralda,ips_verificadas_crue,22.0,22,\N,Ministerio de Salud y Protección Social (verificado vía Centros Reguladores de Urgencias y Emergencias),"Sitrep 21, Ministerio de Salud y Protección Social, 18-ago-2026 (vía CRUE)",\N,2026-08-30T11:06:33Z
5,5,2026-08-18,Risaralda,ips_priorizadas,10.0,10,\N,Ministerio de Salud y Protección Social,"Sitrep 21, Ministerio de Salud y Protección Social, 18-ago-2026 (vía CRUE)",\N,2026-08-30T11:06:33Z
5,6,2026-08-18,Quindío,ips_verificadas_crue,21.0,21,\N,Ministerio de Salud y Protección Social (verificado vía Centros Reguladores de Urgencias y Emergencias),"Sitrep 21, Ministerio de Salud y Protección Social, 18-ago-2026 (vía CRUE)",\N,2026-08-30T11:06:33Z
5,7,2026-08-18,Quindío,ips_priorizadas,5.0,5,\N,Ministerio de Salud y Protección Social,"Sitrep 21, Ministerio de Salud y Protección Social, 18-ago-2026 (vía CRUE)",\N,2026-08-30T11:06:33Z
5,8,2026-08-18,Caldas,ips_verificadas_crue,18.0,18,\N,Ministerio de Salud y Protección Social (verificado vía Centros Reguladores de Urgencias y Emergencias),"Sitrep 21, Ministerio de Salud y Protección Social, 18-ago-2026 (vía CRUE)",\N,2026-08-30T11:06:33Z
5,9,2026-08-18,Caldas,ips_priorizadas,6.0,6,\N,Ministerio de Salud y Protección Social,"Sitrep 21, Ministerio de Salud y Protección Social, 18-ago-2026 (vía CRUE)",\N,2026-08-30T11:06:33Z
5,10,2026-08-18,Cali (Valle del Cauca),ips_verificadas_crue,10.0,10,\N,Ministerio de Salud y Protección Social (verificado vía Centros Reguladores de Urgencias y Emergencias),"Sitrep 21, Ministerio de Salud y Protección Social, 18-ago-2026 (vía CRUE)",\N,2026-08-30T11:06:33Z
5,11,2026-08-18,Cali (Valle del Cauca),ips_priorizadas,\N,-,\N,Ministerio de Salud y Protección Social,"Sitrep 21, Ministerio de Salud y Protección Social, 18-ago-2026 (vía CRUE)",\N,2026-08-30T11:06:33Z
5,12,2026-08-18,Cauca,ips_verificadas_crue,6.0,6,\N,Ministerio de Salud y Protección Social (verificado vía Centros Reguladores de Urgencias y Emergencias),"Sitrep 21, Ministerio de Salud y Protección Social, 18-ago-2026 (vía CRUE)",\N,2026-08-30T11:06:33Z
5,13,2026-08-18,Cauca,ips_priorizadas,\N,-,\N,Ministerio de Salud y Protección Social,"Sitrep 21, Ministerio de Salud y Protección Social, 18-ago-2026 (vía CRUE)",\N,2026-08-30T11:06:33Z
5,14,2026-08-18,Buenaventura (Valle del Cauca),ips_verificadas_crue,3.0,3,\N,Ministerio de Salud y Protección Social (verificado vía Centros Reguladores de Urgencias y Emergencias),"Sitrep 21, Ministerio de Salud y Protección Social, 18-ago-2026 (vía CRUE)",\N,2026-08-30T11:06:33Z
5,15,2026-08-18,Buenaventura (Valle del Cauca),ips_priorizadas,1.0,1,\N,Ministerio de Salud y Protección Social,"Sitrep 21, Ministerio de Salud y Protección Social, 18-ago-2026 (vía CRUE)",\N,2026-08-30T11:06:33Z
5,16,2026-08-18,Bolívar,ips_verificadas_crue,2.0,2,\N,Ministerio de Salud y Protección Social (verificado vía Centros Reguladores de Urgencias y Emergencias),"Sitrep 21, Ministerio de Salud y Protección Social, 18-ago-2026 (vía CRUE)",\N,2026-08-30T11:06:33Z
5,17,2026-08-18,Bolívar,ips_priorizadas,\N,-,\N,Ministerio de Salud y Protección Social,"Sitrep 21, Ministerio de Salud y Protección Social, 18-ago-2026 (vía CRUE)",\N,2026-08-30T11:06:33Z
5,18,2026-08-18,nacional,ips_verificadas_crue,192.0,192,\N,Ministerio de Salud y Protección Social (verificado vía Centros Reguladores de Urgencias y Emergencias),"Sitrep 21, Ministerio de Salud y Protección Social, 18-ago-2026 (vía CRUE)",Fila 'Total' de la Tabla 2. El propio sitrep lo marca como 'dato en actualización'.,2026-08-30T11:06:33Z
5,19,2026-08-18,nacional,ips_priorizadas,50.0,50,\N,Ministerio de Salud y Protección Social,"Sitrep 21, Ministerio de Salud y Protección Social, 18-ago-2026 (vía CRUE)",Fila 'Total' de la Tabla 2.,2026-08-30T11:06:33Z
5,20,2026-08-18,nacional,ips_reportadas_ungrd,303.0,303,\N,UNGRD,"Reporte Situacional No. 032, Sismo San José del Palmar 7,4 Mw, UNGRD, corte 18-ago-2026 06:30h","Cifra citada solo en prosa (§2.4): 303 establecimientos afectados en 11 de 15 departamentos, SIN desglose departamental en este sitrep.",2026-08-30T11:06:33Z
