code,aoi_name,aoi_number,ptype,monitoring,monitoring_number,version_number,status_code,feasible,expected_delivery,delivery_time,download_path,snapshot_date
EMSR865,Monterìa,1,DEL,0,0,2,F,1,2026-02-11T17:00:00,2026-02-11T23:41:09.361171,https://rapidmapping.emergency.copernicus.eu/backend/EMSR865/AOI01/DEL_PRODUCT/EMSR865_AOI01_DEL_PRODUCT_v2.zip,2026-08-15
EMSR865,Monterìa,1,DEL,0,0,2,F,1,2026-02-11T17:00:00,2026-02-11T23:41:09.361171,https://rapidmapping.emergency.copernicus.eu/backend/EMSR865/AOI01/DEL_PRODUCT/EMSR865_AOI01_DEL_PRODUCT_v2.zip,2026-08-16
EMSR865,Monterìa,1,DEL,0,0,2,F,1,2026-02-11T17:00:00,2026-02-11T23:41:09.361171,https://rapidmapping.emergency.copernicus.eu/backend/EMSR865/AOI01/DEL_PRODUCT/EMSR865_AOI01_DEL_PRODUCT_v2.zip,2026-08-18
EMSR865,Monterìa,1,DEL,0,0,2,F,1,2026-02-11T17:00:00,2026-02-11T23:41:09.361171,https://rapidmapping.emergency.copernicus.eu/backend/EMSR865/AOI01/DEL_PRODUCT/EMSR865_AOI01_DEL_PRODUCT_v2.zip,2026-08-21
EMSR865,Monterìa,1,DEL,0,0,2,F,1,2026-02-11T17:00:00,2026-02-11T23:41:09.361171,https://rapidmapping.emergency.copernicus.eu/backend/EMSR865/AOI01/DEL_PRODUCT/EMSR865_AOI01_DEL_PRODUCT_v2.zip,2026-08-22
EMSR865,Monterìa,1,DEL,0,0,2,F,1,2026-02-11T17:00:00,2026-02-11T23:41:09.361171,https://rapidmapping.emergency.copernicus.eu/backend/EMSR865/AOI01/DEL_PRODUCT/EMSR865_AOI01_DEL_PRODUCT_v2.zip,2026-08-23
EMSR865,Monterìa,1,DEL,0,0,2,F,1,2026-02-11T17:00:00,2026-02-11T23:41:09.361171,https://rapidmapping.emergency.copernicus.eu/backend/EMSR865/AOI01/DEL_PRODUCT/EMSR865_AOI01_DEL_PRODUCT_v2.zip,2026-08-24
EMSR865,Monterìa,1,DEL,0,0,2,F,1,2026-02-11T17:00:00,2026-02-11T23:41:09.361171,https://rapidmapping.emergency.copernicus.eu/backend/EMSR865/AOI01/DEL_PRODUCT/EMSR865_AOI01_DEL_PRODUCT_v2.zip,2026-08-25
EMSR865,Monterìa,1,DEL,0,0,2,F,1,2026-02-11T17:00:00,2026-02-11T23:41:09.361171,https://rapidmapping.emergency.copernicus.eu/backend/EMSR865/AOI01/DEL_PRODUCT/EMSR865_AOI01_DEL_PRODUCT_v2.zip,2026-08-26
EMSR865,Monterìa,1,DEL,0,0,2,F,1,2026-02-11T17:00:00,2026-02-11T23:41:09.361171,https://rapidmapping.emergency.copernicus.eu/backend/EMSR865/AOI01/DEL_PRODUCT/EMSR865_AOI01_DEL_PRODUCT_v2.zip,2026-08-27
EMSR865,Monterìa,1,DEL,0,0,2,F,1,2026-02-11T17:00:00,2026-02-11T23:41:09.361171,https://rapidmapping.emergency.copernicus.eu/backend/EMSR865/AOI01/DEL_PRODUCT/EMSR865_AOI01_DEL_PRODUCT_v2.zip,2026-08-28
EMSR865,Monterìa,1,DEL,0,0,2,F,1,2026-02-11T17:00:00,2026-02-11T23:41:09.361171,https://rapidmapping.emergency.copernicus.eu/backend/EMSR865/AOI01/DEL_PRODUCT/EMSR865_AOI01_DEL_PRODUCT_v2.zip,2026-08-29
EMSR865,Monterìa,1,DEL,0,0,2,F,1,2026-02-11T17:00:00,2026-02-11T23:41:09.361171,https://rapidmapping.emergency.copernicus.eu/backend/EMSR865/AOI01/DEL_PRODUCT/EMSR865_AOI01_DEL_PRODUCT_v2.zip,2026-08-30
EMSR865,Monterìa,1,DEL,0,0,2,F,1,2026-02-11T17:00:00,2026-02-11T23:41:09.361171,https://rapidmapping.emergency.copernicus.eu/backend/EMSR865/AOI01/DEL_PRODUCT/EMSR865_AOI01_DEL_PRODUCT_v2.zip,2026-08-31
EMSR865,Monterìa,1,DEL,0,0,2,F,1,2026-02-11T17:00:00,2026-02-11T23:41:09.361171,https://rapidmapping.emergency.copernicus.eu/backend/EMSR865/AOI01/DEL_PRODUCT/EMSR865_AOI01_DEL_PRODUCT_v2.zip,2026-09-01
EMSR865,Monterìa,1,DEL,0,0,2,F,1,2026-02-11T17:00:00,2026-02-11T23:41:09.361171,https://rapidmapping.emergency.copernicus.eu/backend/EMSR865/AOI01/DEL_PRODUCT/EMSR865_AOI01_DEL_PRODUCT_v2.zip,2026-09-02
EMSR865,Monterìa,1,DEL,0,0,2,F,1,2026-02-11T17:00:00,2026-02-11T23:41:09.361171,https://rapidmapping.emergency.copernicus.eu/backend/EMSR865/AOI01/DEL_PRODUCT/EMSR865_AOI01_DEL_PRODUCT_v2.zip,2026-09-03
EMSR865,Monterìa,1,DEL,0,0,2,F,1,2026-02-11T17:00:00,2026-02-11T23:41:09.361171,https://rapidmapping.emergency.copernicus.eu/backend/EMSR865/AOI01/DEL_PRODUCT/EMSR865_AOI01_DEL_PRODUCT_v2.zip,2026-09-04
EMSR865,Monterìa,1,DEL,0,0,2,F,1,2026-02-11T17:00:00,2026-02-11T23:41:09.361171,https://rapidmapping.emergency.copernicus.eu/backend/EMSR865/AOI01/DEL_PRODUCT/EMSR865_AOI01_DEL_PRODUCT_v2.zip,2026-09-05
EMSR865,Monterìa,1,DEL,0,0,2,F,1,2026-02-11T17:00:00,2026-02-11T23:41:09.361171,https://rapidmapping.emergency.copernicus.eu/backend/EMSR865/AOI01/DEL_PRODUCT/EMSR865_AOI01_DEL_PRODUCT_v2.zip,2026-09-06
EMSR865,Monterìa,1,DEL,1,1,1,F,1,2026-02-11T21:05:00,2026-02-11T23:12:07.412438,https://rapidmapping.emergency.copernicus.eu/backend/EMSR865/AOI01/DEL_MONIT01/EMSR865_AOI01_DEL_MONIT01_v1.zip,2026-08-15
EMSR865,Monterìa,1,DEL,1,1,1,F,1,2026-02-11T21:05:00,2026-02-11T23:12:07.412438,https://rapidmapping.emergency.copernicus.eu/backend/EMSR865/AOI01/DEL_MONIT01/EMSR865_AOI01_DEL_MONIT01_v1.zip,2026-08-16
EMSR865,Monterìa,1,DEL,1,1,1,F,1,2026-02-11T21:05:00,2026-02-11T23:12:07.412438,https://rapidmapping.emergency.copernicus.eu/backend/EMSR865/AOI01/DEL_MONIT01/EMSR865_AOI01_DEL_MONIT01_v1.zip,2026-08-18
EMSR865,Monterìa,1,DEL,1,1,1,F,1,2026-02-11T21:05:00,2026-02-11T23:12:07.412438,https://rapidmapping.emergency.copernicus.eu/backend/EMSR865/AOI01/DEL_MONIT01/EMSR865_AOI01_DEL_MONIT01_v1.zip,2026-08-21
EMSR865,Monterìa,1,DEL,1,1,1,F,1,2026-02-11T21:05:00,2026-02-11T23:12:07.412438,https://rapidmapping.emergency.copernicus.eu/backend/EMSR865/AOI01/DEL_MONIT01/EMSR865_AOI01_DEL_MONIT01_v1.zip,2026-08-22
EMSR865,Monterìa,1,DEL,1,1,1,F,1,2026-02-11T21:05:00,2026-02-11T23:12:07.412438,https://rapidmapping.emergency.copernicus.eu/backend/EMSR865/AOI01/DEL_MONIT01/EMSR865_AOI01_DEL_MONIT01_v1.zip,2026-08-23
EMSR865,Monterìa,1,DEL,1,1,1,F,1,2026-02-11T21:05:00,2026-02-11T23:12:07.412438,https://rapidmapping.emergency.copernicus.eu/backend/EMSR865/AOI01/DEL_MONIT01/EMSR865_AOI01_DEL_MONIT01_v1.zip,2026-08-24
EMSR865,Monterìa,1,DEL,1,1,1,F,1,2026-02-11T21:05:00,2026-02-11T23:12:07.412438,https://rapidmapping.emergency.copernicus.eu/backend/EMSR865/AOI01/DEL_MONIT01/EMSR865_AOI01_DEL_MONIT01_v1.zip,2026-08-25
EMSR865,Monterìa,1,DEL,1,1,1,F,1,2026-02-11T21:05:00,2026-02-11T23:12:07.412438,https://rapidmapping.emergency.copernicus.eu/backend/EMSR865/AOI01/DEL_MONIT01/EMSR865_AOI01_DEL_MONIT01_v1.zip,2026-08-26
EMSR865,Monterìa,1,DEL,1,1,1,F,1,2026-02-11T21:05:00,2026-02-11T23:12:07.412438,https://rapidmapping.emergency.copernicus.eu/backend/EMSR865/AOI01/DEL_MONIT01/EMSR865_AOI01_DEL_MONIT01_v1.zip,2026-08-27
EMSR865,Monterìa,1,DEL,1,1,1,F,1,2026-02-11T21:05:00,2026-02-11T23:12:07.412438,https://rapidmapping.emergency.copernicus.eu/backend/EMSR865/AOI01/DEL_MONIT01/EMSR865_AOI01_DEL_MONIT01_v1.zip,2026-08-28
EMSR865,Monterìa,1,DEL,1,1,1,F,1,2026-02-11T21:05:00,2026-02-11T23:12:07.412438,https://rapidmapping.emergency.copernicus.eu/backend/EMSR865/AOI01/DEL_MONIT01/EMSR865_AOI01_DEL_MONIT01_v1.zip,2026-08-29
EMSR865,Monterìa,1,DEL,1,1,1,F,1,2026-02-11T21:05:00,2026-02-11T23:12:07.412438,https://rapidmapping.emergency.copernicus.eu/backend/EMSR865/AOI01/DEL_MONIT01/EMSR865_AOI01_DEL_MONIT01_v1.zip,2026-08-30
EMSR865,Monterìa,1,DEL,1,1,1,F,1,2026-02-11T21:05:00,2026-02-11T23:12:07.412438,https://rapidmapping.emergency.copernicus.eu/backend/EMSR865/AOI01/DEL_MONIT01/EMSR865_AOI01_DEL_MONIT01_v1.zip,2026-08-31
EMSR865,Monterìa,1,DEL,1,1,1,F,1,2026-02-11T21:05:00,2026-02-11T23:12:07.412438,https://rapidmapping.emergency.copernicus.eu/backend/EMSR865/AOI01/DEL_MONIT01/EMSR865_AOI01_DEL_MONIT01_v1.zip,2026-09-01
EMSR865,Monterìa,1,DEL,1,1,1,F,1,2026-02-11T21:05:00,2026-02-11T23:12:07.412438,https://rapidmapping.emergency.copernicus.eu/backend/EMSR865/AOI01/DEL_MONIT01/EMSR865_AOI01_DEL_MONIT01_v1.zip,2026-09-02
EMSR865,Monterìa,1,DEL,1,1,1,F,1,2026-02-11T21:05:00,2026-02-11T23:12:07.412438,https://rapidmapping.emergency.copernicus.eu/backend/EMSR865/AOI01/DEL_MONIT01/EMSR865_AOI01_DEL_MONIT01_v1.zip,2026-09-03
EMSR865,Monterìa,1,DEL,1,1,1,F,1,2026-02-11T21:05:00,2026-02-11T23:12:07.412438,https://rapidmapping.emergency.copernicus.eu/backend/EMSR865/AOI01/DEL_MONIT01/EMSR865_AOI01_DEL_MONIT01_v1.zip,2026-09-04
EMSR865,Monterìa,1,DEL,1,1,1,F,1,2026-02-11T21:05:00,2026-02-11T23:12:07.412438,https://rapidmapping.emergency.copernicus.eu/backend/EMSR865/AOI01/DEL_MONIT01/EMSR865_AOI01_DEL_MONIT01_v1.zip,2026-09-05
EMSR865,Monterìa,1,DEL,1,1,1,F,1,2026-02-11T21:05:00,2026-02-11T23:12:07.412438,https://rapidmapping.emergency.copernicus.eu/backend/EMSR865/AOI01/DEL_MONIT01/EMSR865_AOI01_DEL_MONIT01_v1.zip,2026-09-06
EMSR865,Monterìa,1,DEL,1,2,1,F,1,2026-02-14T21:10:00,2026-02-14T23:43:39.883736,https://rapidmapping.emergency.copernicus.eu/backend/EMSR865/AOI01/DEL_MONIT02/EMSR865_AOI01_DEL_MONIT02_v1.zip,2026-08-15
EMSR865,Monterìa,1,DEL,1,2,1,F,1,2026-02-14T21:10:00,2026-02-14T23:43:39.883736,https://rapidmapping.emergency.copernicus.eu/backend/EMSR865/AOI01/DEL_MONIT02/EMSR865_AOI01_DEL_MONIT02_v1.zip,2026-08-16
EMSR865,Monterìa,1,DEL,1,2,1,F,1,2026-02-14T21:10:00,2026-02-14T23:43:39.883736,https://rapidmapping.emergency.copernicus.eu/backend/EMSR865/AOI01/DEL_MONIT02/EMSR865_AOI01_DEL_MONIT02_v1.zip,2026-08-18
EMSR865,Monterìa,1,DEL,1,2,1,F,1,2026-02-14T21:10:00,2026-02-14T23:43:39.883736,https://rapidmapping.emergency.copernicus.eu/backend/EMSR865/AOI01/DEL_MONIT02/EMSR865_AOI01_DEL_MONIT02_v1.zip,2026-08-21
EMSR865,Monterìa,1,DEL,1,2,1,F,1,2026-02-14T21:10:00,2026-02-14T23:43:39.883736,https://rapidmapping.emergency.copernicus.eu/backend/EMSR865/AOI01/DEL_MONIT02/EMSR865_AOI01_DEL_MONIT02_v1.zip,2026-08-22
EMSR865,Monterìa,1,DEL,1,2,1,F,1,2026-02-14T21:10:00,2026-02-14T23:43:39.883736,https://rapidmapping.emergency.copernicus.eu/backend/EMSR865/AOI01/DEL_MONIT02/EMSR865_AOI01_DEL_MONIT02_v1.zip,2026-08-23
EMSR865,Monterìa,1,DEL,1,2,1,F,1,2026-02-14T21:10:00,2026-02-14T23:43:39.883736,https://rapidmapping.emergency.copernicus.eu/backend/EMSR865/AOI01/DEL_MONIT02/EMSR865_AOI01_DEL_MONIT02_v1.zip,2026-08-24
EMSR865,Monterìa,1,DEL,1,2,1,F,1,2026-02-14T21:10:00,2026-02-14T23:43:39.883736,https://rapidmapping.emergency.copernicus.eu/backend/EMSR865/AOI01/DEL_MONIT02/EMSR865_AOI01_DEL_MONIT02_v1.zip,2026-08-25
EMSR865,Monterìa,1,DEL,1,2,1,F,1,2026-02-14T21:10:00,2026-02-14T23:43:39.883736,https://rapidmapping.emergency.copernicus.eu/backend/EMSR865/AOI01/DEL_MONIT02/EMSR865_AOI01_DEL_MONIT02_v1.zip,2026-08-26
EMSR865,Monterìa,1,DEL,1,2,1,F,1,2026-02-14T21:10:00,2026-02-14T23:43:39.883736,https://rapidmapping.emergency.copernicus.eu/backend/EMSR865/AOI01/DEL_MONIT02/EMSR865_AOI01_DEL_MONIT02_v1.zip,2026-08-27
EMSR865,Monterìa,1,DEL,1,2,1,F,1,2026-02-14T21:10:00,2026-02-14T23:43:39.883736,https://rapidmapping.emergency.copernicus.eu/backend/EMSR865/AOI01/DEL_MONIT02/EMSR865_AOI01_DEL_MONIT02_v1.zip,2026-08-28
EMSR865,Monterìa,1,DEL,1,2,1,F,1,2026-02-14T21:10:00,2026-02-14T23:43:39.883736,https://rapidmapping.emergency.copernicus.eu/backend/EMSR865/AOI01/DEL_MONIT02/EMSR865_AOI01_DEL_MONIT02_v1.zip,2026-08-29
EMSR865,Monterìa,1,DEL,1,2,1,F,1,2026-02-14T21:10:00,2026-02-14T23:43:39.883736,https://rapidmapping.emergency.copernicus.eu/backend/EMSR865/AOI01/DEL_MONIT02/EMSR865_AOI01_DEL_MONIT02_v1.zip,2026-08-30
EMSR865,Monterìa,1,DEL,1,2,1,F,1,2026-02-14T21:10:00,2026-02-14T23:43:39.883736,https://rapidmapping.emergency.copernicus.eu/backend/EMSR865/AOI01/DEL_MONIT02/EMSR865_AOI01_DEL_MONIT02_v1.zip,2026-08-31
EMSR865,Monterìa,1,DEL,1,2,1,F,1,2026-02-14T21:10:00,2026-02-14T23:43:39.883736,https://rapidmapping.emergency.copernicus.eu/backend/EMSR865/AOI01/DEL_MONIT02/EMSR865_AOI01_DEL_MONIT02_v1.zip,2026-09-01
EMSR865,Monterìa,1,DEL,1,2,1,F,1,2026-02-14T21:10:00,2026-02-14T23:43:39.883736,https://rapidmapping.emergency.copernicus.eu/backend/EMSR865/AOI01/DEL_MONIT02/EMSR865_AOI01_DEL_MONIT02_v1.zip,2026-09-02
EMSR865,Monterìa,1,DEL,1,2,1,F,1,2026-02-14T21:10:00,2026-02-14T23:43:39.883736,https://rapidmapping.emergency.copernicus.eu/backend/EMSR865/AOI01/DEL_MONIT02/EMSR865_AOI01_DEL_MONIT02_v1.zip,2026-09-03
EMSR865,Monterìa,1,DEL,1,2,1,F,1,2026-02-14T21:10:00,2026-02-14T23:43:39.883736,https://rapidmapping.emergency.copernicus.eu/backend/EMSR865/AOI01/DEL_MONIT02/EMSR865_AOI01_DEL_MONIT02_v1.zip,2026-09-04
EMSR865,Monterìa,1,DEL,1,2,1,F,1,2026-02-14T21:10:00,2026-02-14T23:43:39.883736,https://rapidmapping.emergency.copernicus.eu/backend/EMSR865/AOI01/DEL_MONIT02/EMSR865_AOI01_DEL_MONIT02_v1.zip,2026-09-05
EMSR865,Monterìa,1,DEL,1,2,1,F,1,2026-02-14T21:10:00,2026-02-14T23:43:39.883736,https://rapidmapping.emergency.copernicus.eu/backend/EMSR865/AOI01/DEL_MONIT02/EMSR865_AOI01_DEL_MONIT02_v1.zip,2026-09-06
EMSR916,Buenaventura,6,GRA,0,0,1,F,1,2026-08-13T04:30:00,2026-08-13T02:39:52.991802,https://rapidmapping.emergency.copernicus.eu/backend/EMSR916/AOI06/GRA_PRODUCT/EMSR916_AOI06_GRA_PRODUCT_v1.zip,2026-08-15
EMSR916,Buenaventura,6,GRA,0,0,1,F,1,2026-08-13T04:30:00,2026-08-13T02:39:52.991802,https://rapidmapping.emergency.copernicus.eu/backend/EMSR916/AOI06/GRA_PRODUCT/EMSR916_AOI06_GRA_PRODUCT_v1.zip,2026-08-16
EMSR916,Buenaventura,6,GRA,0,0,1,F,1,2026-08-13T04:30:00,2026-08-13T02:39:52.991802,https://rapidmapping.emergency.copernicus.eu/backend/EMSR916/AOI06/GRA_PRODUCT/EMSR916_AOI06_GRA_PRODUCT_v1.zip,2026-08-18
EMSR916,Buenaventura,6,GRA,0,0,1,F,1,2026-08-13T04:30:00,2026-08-13T02:39:52.991802,https://rapidmapping.emergency.copernicus.eu/backend/EMSR916/AOI06/GRA_PRODUCT/EMSR916_AOI06_GRA_PRODUCT_v1.zip,2026-08-21
EMSR916,Buenaventura,6,GRA,0,0,1,F,1,2026-08-13T04:30:00,2026-08-13T02:39:52.991802,https://rapidmapping.emergency.copernicus.eu/backend/EMSR916/AOI06/GRA_PRODUCT/EMSR916_AOI06_GRA_PRODUCT_v1.zip,2026-08-22
EMSR916,Buenaventura,6,GRA,0,0,1,F,1,2026-08-13T04:30:00,2026-08-13T02:39:52.991802,https://rapidmapping.emergency.copernicus.eu/backend/EMSR916/AOI06/GRA_PRODUCT/EMSR916_AOI06_GRA_PRODUCT_v1.zip,2026-08-23
EMSR916,Buenaventura,6,GRA,0,0,1,F,1,2026-08-13T04:30:00,2026-08-13T02:39:52.991802,https://rapidmapping.emergency.copernicus.eu/backend/EMSR916/AOI06/GRA_PRODUCT/EMSR916_AOI06_GRA_PRODUCT_v1.zip,2026-08-24
EMSR916,Buenaventura,6,GRA,0,0,1,F,1,2026-08-13T04:30:00,2026-08-13T02:39:52.991802,https://rapidmapping.emergency.copernicus.eu/backend/EMSR916/AOI06/GRA_PRODUCT/EMSR916_AOI06_GRA_PRODUCT_v1.zip,2026-08-25
EMSR916,Buenaventura,6,GRA,0,0,1,F,1,2026-08-13T04:30:00,2026-08-13T02:39:52.991802,https://rapidmapping.emergency.copernicus.eu/backend/EMSR916/AOI06/GRA_PRODUCT/EMSR916_AOI06_GRA_PRODUCT_v1.zip,2026-08-26
EMSR916,Buenaventura,6,GRA,0,0,1,F,1,2026-08-13T04:30:00,2026-08-13T02:39:52.991802,https://rapidmapping.emergency.copernicus.eu/backend/EMSR916/AOI06/GRA_PRODUCT/EMSR916_AOI06_GRA_PRODUCT_v1.zip,2026-08-27
EMSR916,Buenaventura,6,GRA,0,0,1,F,1,2026-08-13T04:30:00,2026-08-13T02:39:52.991802,https://rapidmapping.emergency.copernicus.eu/backend/EMSR916/AOI06/GRA_PRODUCT/EMSR916_AOI06_GRA_PRODUCT_v1.zip,2026-08-28
EMSR916,Buenaventura,6,GRA,0,0,1,F,1,2026-08-13T04:30:00,2026-08-13T02:39:52.991802,https://rapidmapping.emergency.copernicus.eu/backend/EMSR916/AOI06/GRA_PRODUCT/EMSR916_AOI06_GRA_PRODUCT_v1.zip,2026-08-29
EMSR916,Buenaventura,6,GRA,0,0,1,F,1,2026-08-13T04:30:00,2026-08-13T02:39:52.991802,https://rapidmapping.emergency.copernicus.eu/backend/EMSR916/AOI06/GRA_PRODUCT/EMSR916_AOI06_GRA_PRODUCT_v1.zip,2026-08-30
EMSR916,Buenaventura,6,GRA,0,0,1,F,1,2026-08-13T04:30:00,2026-08-13T02:39:52.991802,https://rapidmapping.emergency.copernicus.eu/backend/EMSR916/AOI06/GRA_PRODUCT/EMSR916_AOI06_GRA_PRODUCT_v1.zip,2026-08-31
EMSR916,Buenaventura,6,GRA,0,0,1,F,1,2026-08-13T04:30:00,2026-08-13T02:39:52.991802,https://rapidmapping.emergency.copernicus.eu/backend/EMSR916/AOI06/GRA_PRODUCT/EMSR916_AOI06_GRA_PRODUCT_v1.zip,2026-09-01
EMSR916,Buenaventura,6,GRA,0,0,1,F,1,2026-08-13T04:30:00,2026-08-13T02:39:52.991802,https://rapidmapping.emergency.copernicus.eu/backend/EMSR916/AOI06/GRA_PRODUCT/EMSR916_AOI06_GRA_PRODUCT_v1.zip,2026-09-02
EMSR916,Buenaventura,6,GRA,0,0,1,F,1,2026-08-13T04:30:00,2026-08-13T02:39:52.991802,https://rapidmapping.emergency.copernicus.eu/backend/EMSR916/AOI06/GRA_PRODUCT/EMSR916_AOI06_GRA_PRODUCT_v1.zip,2026-09-03
EMSR916,Buenaventura,6,GRA,0,0,1,F,1,2026-08-13T04:30:00,2026-08-13T02:39:52.991802,https://rapidmapping.emergency.copernicus.eu/backend/EMSR916/AOI06/GRA_PRODUCT/EMSR916_AOI06_GRA_PRODUCT_v1.zip,2026-09-04
EMSR916,Buenaventura,6,GRA,0,0,1,F,1,2026-08-13T04:30:00,2026-08-13T02:39:52.991802,https://rapidmapping.emergency.copernicus.eu/backend/EMSR916/AOI06/GRA_PRODUCT/EMSR916_AOI06_GRA_PRODUCT_v1.zip,2026-09-05
EMSR916,Buenaventura,6,GRA,0,0,1,F,1,2026-08-13T04:30:00,2026-08-13T02:39:52.991802,https://rapidmapping.emergency.copernicus.eu/backend/EMSR916/AOI06/GRA_PRODUCT/EMSR916_AOI06_GRA_PRODUCT_v1.zip,2026-09-06
EMSR916,Buenaventura,6,GRA,1,1,2,F,1,2026-08-14T03:48:00,2026-08-14T12:20:32.055124,https://rapidmapping.emergency.copernicus.eu/backend/EMSR916/AOI06/GRA_MONIT01/EMSR916_AOI06_GRA_MONIT01_v2.zip,2026-08-15
EMSR916,Buenaventura,6,GRA,1,1,2,F,1,2026-08-14T03:48:00,2026-08-14T12:20:32.055124,https://rapidmapping.emergency.copernicus.eu/backend/EMSR916/AOI06/GRA_MONIT01/EMSR916_AOI06_GRA_MONIT01_v2.zip,2026-08-16
EMSR916,Buenaventura,6,GRA,1,1,2,F,1,2026-08-14T03:48:00,2026-08-14T12:20:32.055124,https://rapidmapping.emergency.copernicus.eu/backend/EMSR916/AOI06/GRA_MONIT01/EMSR916_AOI06_GRA_MONIT01_v2.zip,2026-08-18
EMSR916,Buenaventura,6,GRA,1,1,2,F,1,2026-08-14T03:48:00,2026-08-14T12:20:32.055124,https://rapidmapping.emergency.copernicus.eu/backend/EMSR916/AOI06/GRA_MONIT01/EMSR916_AOI06_GRA_MONIT01_v2.zip,2026-08-21
EMSR916,Buenaventura,6,GRA,1,1,2,F,1,2026-08-14T03:48:00,2026-08-14T12:20:32.055124,https://rapidmapping.emergency.copernicus.eu/backend/EMSR916/AOI06/GRA_MONIT01/EMSR916_AOI06_GRA_MONIT01_v2.zip,2026-08-22
EMSR916,Buenaventura,6,GRA,1,1,2,F,1,2026-08-14T03:48:00,2026-08-14T12:20:32.055124,https://rapidmapping.emergency.copernicus.eu/backend/EMSR916/AOI06/GRA_MONIT01/EMSR916_AOI06_GRA_MONIT01_v2.zip,2026-08-23
EMSR916,Buenaventura,6,GRA,1,1,2,F,1,2026-08-14T03:48:00,2026-08-14T12:20:32.055124,https://rapidmapping.emergency.copernicus.eu/backend/EMSR916/AOI06/GRA_MONIT01/EMSR916_AOI06_GRA_MONIT01_v2.zip,2026-08-24
EMSR916,Buenaventura,6,GRA,1,1,2,F,1,2026-08-14T03:48:00,2026-08-14T12:20:32.055124,https://rapidmapping.emergency.copernicus.eu/backend/EMSR916/AOI06/GRA_MONIT01/EMSR916_AOI06_GRA_MONIT01_v2.zip,2026-08-25
EMSR916,Buenaventura,6,GRA,1,1,2,F,1,2026-08-14T03:48:00,2026-08-14T12:20:32.055124,https://rapidmapping.emergency.copernicus.eu/backend/EMSR916/AOI06/GRA_MONIT01/EMSR916_AOI06_GRA_MONIT01_v2.zip,2026-08-26
EMSR916,Buenaventura,6,GRA,1,1,2,F,1,2026-08-14T03:48:00,2026-08-14T12:20:32.055124,https://rapidmapping.emergency.copernicus.eu/backend/EMSR916/AOI06/GRA_MONIT01/EMSR916_AOI06_GRA_MONIT01_v2.zip,2026-08-27
EMSR916,Buenaventura,6,GRA,1,1,2,F,1,2026-08-14T03:48:00,2026-08-14T12:20:32.055124,https://rapidmapping.emergency.copernicus.eu/backend/EMSR916/AOI06/GRA_MONIT01/EMSR916_AOI06_GRA_MONIT01_v2.zip,2026-08-28
EMSR916,Buenaventura,6,GRA,1,1,2,F,1,2026-08-14T03:48:00,2026-08-14T12:20:32.055124,https://rapidmapping.emergency.copernicus.eu/backend/EMSR916/AOI06/GRA_MONIT01/EMSR916_AOI06_GRA_MONIT01_v2.zip,2026-08-29
EMSR916,Buenaventura,6,GRA,1,1,2,F,1,2026-08-14T03:48:00,2026-08-14T12:20:32.055124,https://rapidmapping.emergency.copernicus.eu/backend/EMSR916/AOI06/GRA_MONIT01/EMSR916_AOI06_GRA_MONIT01_v2.zip,2026-08-30
EMSR916,Buenaventura,6,GRA,1,1,2,F,1,2026-08-14T03:48:00,2026-08-14T12:20:32.055124,https://rapidmapping.emergency.copernicus.eu/backend/EMSR916/AOI06/GRA_MONIT01/EMSR916_AOI06_GRA_MONIT01_v2.zip,2026-08-31
EMSR916,Buenaventura,6,GRA,1,1,2,F,1,2026-08-14T03:48:00,2026-08-14T12:20:32.055124,https://rapidmapping.emergency.copernicus.eu/backend/EMSR916/AOI06/GRA_MONIT01/EMSR916_AOI06_GRA_MONIT01_v2.zip,2026-09-01
EMSR916,Buenaventura,6,GRA,1,1,2,F,1,2026-08-14T03:48:00,2026-08-14T12:20:32.055124,https://rapidmapping.emergency.copernicus.eu/backend/EMSR916/AOI06/GRA_MONIT01/EMSR916_AOI06_GRA_MONIT01_v2.zip,2026-09-02
EMSR916,Buenaventura,6,GRA,1,1,2,F,1,2026-08-14T03:48:00,2026-08-14T12:20:32.055124,https://rapidmapping.emergency.copernicus.eu/backend/EMSR916/AOI06/GRA_MONIT01/EMSR916_AOI06_GRA_MONIT01_v2.zip,2026-09-03
EMSR916,Buenaventura,6,GRA,1,1,2,F,1,2026-08-14T03:48:00,2026-08-14T12:20:32.055124,https://rapidmapping.emergency.copernicus.eu/backend/EMSR916/AOI06/GRA_MONIT01/EMSR916_AOI06_GRA_MONIT01_v2.zip,2026-09-04
EMSR916,Buenaventura,6,GRA,1,1,2,F,1,2026-08-14T03:48:00,2026-08-14T12:20:32.055124,https://rapidmapping.emergency.copernicus.eu/backend/EMSR916/AOI06/GRA_MONIT01/EMSR916_AOI06_GRA_MONIT01_v2.zip,2026-09-05
EMSR916,Buenaventura,6,GRA,1,1,2,F,1,2026-08-14T03:48:00,2026-08-14T12:20:32.055124,https://rapidmapping.emergency.copernicus.eu/backend/EMSR916/AOI06/GRA_MONIT01/EMSR916_AOI06_GRA_MONIT01_v2.zip,2026-09-06
EMSR916,Cali Center,3,GRA,0,0,1,F,1,2026-08-12T04:52:00,2026-08-12T03:48:40.818287,https://rapidmapping.emergency.copernicus.eu/backend/EMSR916/AOI03/GRA_PRODUCT/EMSR916_AOI03_GRA_PRODUCT_v1.zip,2026-08-15
EMSR916,Cali Center,3,GRA,0,0,1,F,1,2026-08-12T04:52:00,2026-08-12T03:48:40.818287,https://rapidmapping.emergency.copernicus.eu/backend/EMSR916/AOI03/GRA_PRODUCT/EMSR916_AOI03_GRA_PRODUCT_v1.zip,2026-08-16
EMSR916,Cali Center,3,GRA,0,0,1,F,1,2026-08-12T04:52:00,2026-08-12T03:48:40.818287,https://rapidmapping.emergency.copernicus.eu/backend/EMSR916/AOI03/GRA_PRODUCT/EMSR916_AOI03_GRA_PRODUCT_v1.zip,2026-08-18
EMSR916,Cali Center,3,GRA,0,0,1,F,1,2026-08-12T04:52:00,2026-08-12T03:48:40.818287,https://rapidmapping.emergency.copernicus.eu/backend/EMSR916/AOI03/GRA_PRODUCT/EMSR916_AOI03_GRA_PRODUCT_v1.zip,2026-08-21
EMSR916,Cali Center,3,GRA,0,0,1,F,1,2026-08-12T04:52:00,2026-08-12T03:48:40.818287,https://rapidmapping.emergency.copernicus.eu/backend/EMSR916/AOI03/GRA_PRODUCT/EMSR916_AOI03_GRA_PRODUCT_v1.zip,2026-08-22
EMSR916,Cali Center,3,GRA,0,0,1,F,1,2026-08-12T04:52:00,2026-08-12T03:48:40.818287,https://rapidmapping.emergency.copernicus.eu/backend/EMSR916/AOI03/GRA_PRODUCT/EMSR916_AOI03_GRA_PRODUCT_v1.zip,2026-08-23
EMSR916,Cali Center,3,GRA,0,0,1,F,1,2026-08-12T04:52:00,2026-08-12T03:48:40.818287,https://rapidmapping.emergency.copernicus.eu/backend/EMSR916/AOI03/GRA_PRODUCT/EMSR916_AOI03_GRA_PRODUCT_v1.zip,2026-08-24
EMSR916,Cali Center,3,GRA,0,0,1,F,1,2026-08-12T04:52:00,2026-08-12T03:48:40.818287,https://rapidmapping.emergency.copernicus.eu/backend/EMSR916/AOI03/GRA_PRODUCT/EMSR916_AOI03_GRA_PRODUCT_v1.zip,2026-08-25
EMSR916,Cali Center,3,GRA,0,0,1,F,1,2026-08-12T04:52:00,2026-08-12T03:48:40.818287,https://rapidmapping.emergency.copernicus.eu/backend/EMSR916/AOI03/GRA_PRODUCT/EMSR916_AOI03_GRA_PRODUCT_v1.zip,2026-08-26
EMSR916,Cali Center,3,GRA,0,0,1,F,1,2026-08-12T04:52:00,2026-08-12T03:48:40.818287,https://rapidmapping.emergency.copernicus.eu/backend/EMSR916/AOI03/GRA_PRODUCT/EMSR916_AOI03_GRA_PRODUCT_v1.zip,2026-08-27
EMSR916,Cali Center,3,GRA,0,0,1,F,1,2026-08-12T04:52:00,2026-08-12T03:48:40.818287,https://rapidmapping.emergency.copernicus.eu/backend/EMSR916/AOI03/GRA_PRODUCT/EMSR916_AOI03_GRA_PRODUCT_v1.zip,2026-08-28
EMSR916,Cali Center,3,GRA,0,0,1,F,1,2026-08-12T04:52:00,2026-08-12T03:48:40.818287,https://rapidmapping.emergency.copernicus.eu/backend/EMSR916/AOI03/GRA_PRODUCT/EMSR916_AOI03_GRA_PRODUCT_v1.zip,2026-08-29
EMSR916,Cali Center,3,GRA,0,0,1,F,1,2026-08-12T04:52:00,2026-08-12T03:48:40.818287,https://rapidmapping.emergency.copernicus.eu/backend/EMSR916/AOI03/GRA_PRODUCT/EMSR916_AOI03_GRA_PRODUCT_v1.zip,2026-08-30
EMSR916,Cali Center,3,GRA,0,0,1,F,1,2026-08-12T04:52:00,2026-08-12T03:48:40.818287,https://rapidmapping.emergency.copernicus.eu/backend/EMSR916/AOI03/GRA_PRODUCT/EMSR916_AOI03_GRA_PRODUCT_v1.zip,2026-08-31
EMSR916,Cali Center,3,GRA,0,0,1,F,1,2026-08-12T04:52:00,2026-08-12T03:48:40.818287,https://rapidmapping.emergency.copernicus.eu/backend/EMSR916/AOI03/GRA_PRODUCT/EMSR916_AOI03_GRA_PRODUCT_v1.zip,2026-09-01
EMSR916,Cali Center,3,GRA,0,0,1,F,1,2026-08-12T04:52:00,2026-08-12T03:48:40.818287,https://rapidmapping.emergency.copernicus.eu/backend/EMSR916/AOI03/GRA_PRODUCT/EMSR916_AOI03_GRA_PRODUCT_v1.zip,2026-09-02
EMSR916,Cali Center,3,GRA,0,0,1,F,1,2026-08-12T04:52:00,2026-08-12T03:48:40.818287,https://rapidmapping.emergency.copernicus.eu/backend/EMSR916/AOI03/GRA_PRODUCT/EMSR916_AOI03_GRA_PRODUCT_v1.zip,2026-09-03
EMSR916,Cali Center,3,GRA,0,0,1,F,1,2026-08-12T04:52:00,2026-08-12T03:48:40.818287,https://rapidmapping.emergency.copernicus.eu/backend/EMSR916/AOI03/GRA_PRODUCT/EMSR916_AOI03_GRA_PRODUCT_v1.zip,2026-09-04
EMSR916,Cali Center,3,GRA,0,0,1,F,1,2026-08-12T04:52:00,2026-08-12T03:48:40.818287,https://rapidmapping.emergency.copernicus.eu/backend/EMSR916/AOI03/GRA_PRODUCT/EMSR916_AOI03_GRA_PRODUCT_v1.zip,2026-09-05
EMSR916,Cali Center,3,GRA,0,0,1,F,1,2026-08-12T04:52:00,2026-08-12T03:48:40.818287,https://rapidmapping.emergency.copernicus.eu/backend/EMSR916/AOI03/GRA_PRODUCT/EMSR916_AOI03_GRA_PRODUCT_v1.zip,2026-09-06
EMSR916,Istmina,5,GRA,0,0,1,F,1,2026-08-14T04:24:00,2026-08-14T03:37:40.320366,https://rapidmapping.emergency.copernicus.eu/backend/EMSR916/AOI05/GRA_PRODUCT/EMSR916_AOI05_GRA_PRODUCT_v1.zip,2026-08-15
EMSR916,Istmina,5,GRA,0,0,1,F,1,2026-08-14T04:24:00,2026-08-14T03:37:40.320366,https://rapidmapping.emergency.copernicus.eu/backend/EMSR916/AOI05/GRA_PRODUCT/EMSR916_AOI05_GRA_PRODUCT_v1.zip,2026-08-16
EMSR916,Istmina,5,GRA,0,0,1,F,1,2026-08-14T04:24:00,2026-08-14T03:37:40.320366,https://rapidmapping.emergency.copernicus.eu/backend/EMSR916/AOI05/GRA_PRODUCT/EMSR916_AOI05_GRA_PRODUCT_v1.zip,2026-08-18
EMSR916,Istmina,5,GRA,0,0,1,F,1,2026-08-14T04:24:00,2026-08-14T03:37:40.320366,https://rapidmapping.emergency.copernicus.eu/backend/EMSR916/AOI05/GRA_PRODUCT/EMSR916_AOI05_GRA_PRODUCT_v1.zip,2026-08-21
EMSR916,Istmina,5,GRA,0,0,1,F,1,2026-08-14T04:24:00,2026-08-14T03:37:40.320366,https://rapidmapping.emergency.copernicus.eu/backend/EMSR916/AOI05/GRA_PRODUCT/EMSR916_AOI05_GRA_PRODUCT_v1.zip,2026-08-22
EMSR916,Istmina,5,GRA,0,0,1,F,1,2026-08-14T04:24:00,2026-08-14T03:37:40.320366,https://rapidmapping.emergency.copernicus.eu/backend/EMSR916/AOI05/GRA_PRODUCT/EMSR916_AOI05_GRA_PRODUCT_v1.zip,2026-08-23
EMSR916,Istmina,5,GRA,0,0,1,F,1,2026-08-14T04:24:00,2026-08-14T03:37:40.320366,https://rapidmapping.emergency.copernicus.eu/backend/EMSR916/AOI05/GRA_PRODUCT/EMSR916_AOI05_GRA_PRODUCT_v1.zip,2026-08-24
EMSR916,Istmina,5,GRA,0,0,1,F,1,2026-08-14T04:24:00,2026-08-14T03:37:40.320366,https://rapidmapping.emergency.copernicus.eu/backend/EMSR916/AOI05/GRA_PRODUCT/EMSR916_AOI05_GRA_PRODUCT_v1.zip,2026-08-25
EMSR916,Istmina,5,GRA,0,0,1,F,1,2026-08-14T04:24:00,2026-08-14T03:37:40.320366,https://rapidmapping.emergency.copernicus.eu/backend/EMSR916/AOI05/GRA_PRODUCT/EMSR916_AOI05_GRA_PRODUCT_v1.zip,2026-08-26
EMSR916,Istmina,5,GRA,0,0,1,F,1,2026-08-14T04:24:00,2026-08-14T03:37:40.320366,https://rapidmapping.emergency.copernicus.eu/backend/EMSR916/AOI05/GRA_PRODUCT/EMSR916_AOI05_GRA_PRODUCT_v1.zip,2026-08-27
EMSR916,Istmina,5,GRA,0,0,1,F,1,2026-08-14T04:24:00,2026-08-14T03:37:40.320366,https://rapidmapping.emergency.copernicus.eu/backend/EMSR916/AOI05/GRA_PRODUCT/EMSR916_AOI05_GRA_PRODUCT_v1.zip,2026-08-28
EMSR916,Istmina,5,GRA,0,0,1,F,1,2026-08-14T04:24:00,2026-08-14T03:37:40.320366,https://rapidmapping.emergency.copernicus.eu/backend/EMSR916/AOI05/GRA_PRODUCT/EMSR916_AOI05_GRA_PRODUCT_v1.zip,2026-08-29
EMSR916,Istmina,5,GRA,0,0,1,F,1,2026-08-14T04:24:00,2026-08-14T03:37:40.320366,https://rapidmapping.emergency.copernicus.eu/backend/EMSR916/AOI05/GRA_PRODUCT/EMSR916_AOI05_GRA_PRODUCT_v1.zip,2026-08-30
EMSR916,Istmina,5,GRA,0,0,1,F,1,2026-08-14T04:24:00,2026-08-14T03:37:40.320366,https://rapidmapping.emergency.copernicus.eu/backend/EMSR916/AOI05/GRA_PRODUCT/EMSR916_AOI05_GRA_PRODUCT_v1.zip,2026-08-31
EMSR916,Istmina,5,GRA,0,0,1,F,1,2026-08-14T04:24:00,2026-08-14T03:37:40.320366,https://rapidmapping.emergency.copernicus.eu/backend/EMSR916/AOI05/GRA_PRODUCT/EMSR916_AOI05_GRA_PRODUCT_v1.zip,2026-09-01
EMSR916,Istmina,5,GRA,0,0,1,F,1,2026-08-14T04:24:00,2026-08-14T03:37:40.320366,https://rapidmapping.emergency.copernicus.eu/backend/EMSR916/AOI05/GRA_PRODUCT/EMSR916_AOI05_GRA_PRODUCT_v1.zip,2026-09-02
EMSR916,Istmina,5,GRA,0,0,1,F,1,2026-08-14T04:24:00,2026-08-14T03:37:40.320366,https://rapidmapping.emergency.copernicus.eu/backend/EMSR916/AOI05/GRA_PRODUCT/EMSR916_AOI05_GRA_PRODUCT_v1.zip,2026-09-03
EMSR916,Istmina,5,GRA,0,0,1,F,1,2026-08-14T04:24:00,2026-08-14T03:37:40.320366,https://rapidmapping.emergency.copernicus.eu/backend/EMSR916/AOI05/GRA_PRODUCT/EMSR916_AOI05_GRA_PRODUCT_v1.zip,2026-09-04
EMSR916,Istmina,5,GRA,0,0,1,F,1,2026-08-14T04:24:00,2026-08-14T03:37:40.320366,https://rapidmapping.emergency.copernicus.eu/backend/EMSR916/AOI05/GRA_PRODUCT/EMSR916_AOI05_GRA_PRODUCT_v1.zip,2026-09-05
EMSR916,Istmina,5,GRA,0,0,1,F,1,2026-08-14T04:24:00,2026-08-14T03:37:40.320366,https://rapidmapping.emergency.copernicus.eu/backend/EMSR916/AOI05/GRA_PRODUCT/EMSR916_AOI05_GRA_PRODUCT_v1.zip,2026-09-06
EMSR916,Northern Cali,1,GRA,0,0,2,F,1,2026-08-12T05:36:00,2026-08-12T21:48:05.935025,https://rapidmapping.emergency.copernicus.eu/backend/EMSR916/AOI01/GRA_PRODUCT/EMSR916_AOI01_GRA_PRODUCT_v2.zip,2026-08-15
EMSR916,Northern Cali,1,GRA,0,0,2,F,1,2026-08-12T05:36:00,2026-08-12T21:48:05.935025,https://rapidmapping.emergency.copernicus.eu/backend/EMSR916/AOI01/GRA_PRODUCT/EMSR916_AOI01_GRA_PRODUCT_v2.zip,2026-08-16
EMSR916,Northern Cali,1,GRA,0,0,2,F,1,2026-08-12T05:36:00,2026-08-12T21:48:05.935025,https://rapidmapping.emergency.copernicus.eu/backend/EMSR916/AOI01/GRA_PRODUCT/EMSR916_AOI01_GRA_PRODUCT_v2.zip,2026-08-18
EMSR916,Northern Cali,1,GRA,0,0,2,F,1,2026-08-12T05:36:00,2026-08-12T21:48:05.935025,https://rapidmapping.emergency.copernicus.eu/backend/EMSR916/AOI01/GRA_PRODUCT/EMSR916_AOI01_GRA_PRODUCT_v2.zip,2026-08-21
EMSR916,Northern Cali,1,GRA,0,0,2,F,1,2026-08-12T05:36:00,2026-08-12T21:48:05.935025,https://rapidmapping.emergency.copernicus.eu/backend/EMSR916/AOI01/GRA_PRODUCT/EMSR916_AOI01_GRA_PRODUCT_v2.zip,2026-08-22
EMSR916,Northern Cali,1,GRA,0,0,2,F,1,2026-08-12T05:36:00,2026-08-12T21:48:05.935025,https://rapidmapping.emergency.copernicus.eu/backend/EMSR916/AOI01/GRA_PRODUCT/EMSR916_AOI01_GRA_PRODUCT_v2.zip,2026-08-23
EMSR916,Northern Cali,1,GRA,0,0,2,F,1,2026-08-12T05:36:00,2026-08-12T21:48:05.935025,https://rapidmapping.emergency.copernicus.eu/backend/EMSR916/AOI01/GRA_PRODUCT/EMSR916_AOI01_GRA_PRODUCT_v2.zip,2026-08-24
EMSR916,Northern Cali,1,GRA,0,0,2,F,1,2026-08-12T05:36:00,2026-08-12T21:48:05.935025,https://rapidmapping.emergency.copernicus.eu/backend/EMSR916/AOI01/GRA_PRODUCT/EMSR916_AOI01_GRA_PRODUCT_v2.zip,2026-08-25
EMSR916,Northern Cali,1,GRA,0,0,2,F,1,2026-08-12T05:36:00,2026-08-12T21:48:05.935025,https://rapidmapping.emergency.copernicus.eu/backend/EMSR916/AOI01/GRA_PRODUCT/EMSR916_AOI01_GRA_PRODUCT_v2.zip,2026-08-26
EMSR916,Northern Cali,1,GRA,0,0,2,F,1,2026-08-12T05:36:00,2026-08-12T21:48:05.935025,https://rapidmapping.emergency.copernicus.eu/backend/EMSR916/AOI01/GRA_PRODUCT/EMSR916_AOI01_GRA_PRODUCT_v2.zip,2026-08-27
EMSR916,Northern Cali,1,GRA,0,0,2,F,1,2026-08-12T05:36:00,2026-08-12T21:48:05.935025,https://rapidmapping.emergency.copernicus.eu/backend/EMSR916/AOI01/GRA_PRODUCT/EMSR916_AOI01_GRA_PRODUCT_v2.zip,2026-08-28
EMSR916,Northern Cali,1,GRA,0,0,2,F,1,2026-08-12T05:36:00,2026-08-12T21:48:05.935025,https://rapidmapping.emergency.copernicus.eu/backend/EMSR916/AOI01/GRA_PRODUCT/EMSR916_AOI01_GRA_PRODUCT_v2.zip,2026-08-29
EMSR916,Northern Cali,1,GRA,0,0,2,F,1,2026-08-12T05:36:00,2026-08-12T21:48:05.935025,https://rapidmapping.emergency.copernicus.eu/backend/EMSR916/AOI01/GRA_PRODUCT/EMSR916_AOI01_GRA_PRODUCT_v2.zip,2026-08-30
EMSR916,Northern Cali,1,GRA,0,0,2,F,1,2026-08-12T05:36:00,2026-08-12T21:48:05.935025,https://rapidmapping.emergency.copernicus.eu/backend/EMSR916/AOI01/GRA_PRODUCT/EMSR916_AOI01_GRA_PRODUCT_v2.zip,2026-08-31
EMSR916,Northern Cali,1,GRA,0,0,2,F,1,2026-08-12T05:36:00,2026-08-12T21:48:05.935025,https://rapidmapping.emergency.copernicus.eu/backend/EMSR916/AOI01/GRA_PRODUCT/EMSR916_AOI01_GRA_PRODUCT_v2.zip,2026-09-01
EMSR916,Northern Cali,1,GRA,0,0,2,F,1,2026-08-12T05:36:00,2026-08-12T21:48:05.935025,https://rapidmapping.emergency.copernicus.eu/backend/EMSR916/AOI01/GRA_PRODUCT/EMSR916_AOI01_GRA_PRODUCT_v2.zip,2026-09-02
EMSR916,Northern Cali,1,GRA,0,0,2,F,1,2026-08-12T05:36:00,2026-08-12T21:48:05.935025,https://rapidmapping.emergency.copernicus.eu/backend/EMSR916/AOI01/GRA_PRODUCT/EMSR916_AOI01_GRA_PRODUCT_v2.zip,2026-09-03
EMSR916,Northern Cali,1,GRA,0,0,2,F,1,2026-08-12T05:36:00,2026-08-12T21:48:05.935025,https://rapidmapping.emergency.copernicus.eu/backend/EMSR916/AOI01/GRA_PRODUCT/EMSR916_AOI01_GRA_PRODUCT_v2.zip,2026-09-04
EMSR916,Northern Cali,1,GRA,0,0,2,F,1,2026-08-12T05:36:00,2026-08-12T21:48:05.935025,https://rapidmapping.emergency.copernicus.eu/backend/EMSR916/AOI01/GRA_PRODUCT/EMSR916_AOI01_GRA_PRODUCT_v2.zip,2026-09-05
EMSR916,Northern Cali,1,GRA,0,0,2,F,1,2026-08-12T05:36:00,2026-08-12T21:48:05.935025,https://rapidmapping.emergency.copernicus.eu/backend/EMSR916/AOI01/GRA_PRODUCT/EMSR916_AOI01_GRA_PRODUCT_v2.zip,2026-09-06
EMSR916,Pereira,2,GRA,0,0,1,F,1,2026-08-12T04:37:00,2026-08-12T05:18:20.823334,https://rapidmapping.emergency.copernicus.eu/backend/EMSR916/AOI02/GRA_PRODUCT/EMSR916_AOI02_GRA_PRODUCT_v1.zip,2026-08-15
EMSR916,Pereira,2,GRA,0,0,1,F,1,2026-08-12T04:37:00,2026-08-12T05:18:20.823334,https://rapidmapping.emergency.copernicus.eu/backend/EMSR916/AOI02/GRA_PRODUCT/EMSR916_AOI02_GRA_PRODUCT_v1.zip,2026-08-16
EMSR916,Pereira,2,GRA,0,0,1,F,1,2026-08-12T04:37:00,2026-08-12T05:18:20.823334,https://rapidmapping.emergency.copernicus.eu/backend/EMSR916/AOI02/GRA_PRODUCT/EMSR916_AOI02_GRA_PRODUCT_v1.zip,2026-08-18
EMSR916,Pereira,2,GRA,0,0,1,F,1,2026-08-12T04:37:00,2026-08-12T05:18:20.823334,https://rapidmapping.emergency.copernicus.eu/backend/EMSR916/AOI02/GRA_PRODUCT/EMSR916_AOI02_GRA_PRODUCT_v1.zip,2026-08-21
EMSR916,Pereira,2,GRA,0,0,1,F,1,2026-08-12T04:37:00,2026-08-12T05:18:20.823334,https://rapidmapping.emergency.copernicus.eu/backend/EMSR916/AOI02/GRA_PRODUCT/EMSR916_AOI02_GRA_PRODUCT_v1.zip,2026-08-22
EMSR916,Pereira,2,GRA,0,0,1,F,1,2026-08-12T04:37:00,2026-08-12T05:18:20.823334,https://rapidmapping.emergency.copernicus.eu/backend/EMSR916/AOI02/GRA_PRODUCT/EMSR916_AOI02_GRA_PRODUCT_v1.zip,2026-08-23
EMSR916,Pereira,2,GRA,0,0,1,F,1,2026-08-12T04:37:00,2026-08-12T05:18:20.823334,https://rapidmapping.emergency.copernicus.eu/backend/EMSR916/AOI02/GRA_PRODUCT/EMSR916_AOI02_GRA_PRODUCT_v1.zip,2026-08-24
EMSR916,Pereira,2,GRA,0,0,1,F,1,2026-08-12T04:37:00,2026-08-12T05:18:20.823334,https://rapidmapping.emergency.copernicus.eu/backend/EMSR916/AOI02/GRA_PRODUCT/EMSR916_AOI02_GRA_PRODUCT_v1.zip,2026-08-25
EMSR916,Pereira,2,GRA,0,0,1,F,1,2026-08-12T04:37:00,2026-08-12T05:18:20.823334,https://rapidmapping.emergency.copernicus.eu/backend/EMSR916/AOI02/GRA_PRODUCT/EMSR916_AOI02_GRA_PRODUCT_v1.zip,2026-08-26
EMSR916,Pereira,2,GRA,0,0,1,F,1,2026-08-12T04:37:00,2026-08-12T05:18:20.823334,https://rapidmapping.emergency.copernicus.eu/backend/EMSR916/AOI02/GRA_PRODUCT/EMSR916_AOI02_GRA_PRODUCT_v1.zip,2026-08-27
EMSR916,Pereira,2,GRA,0,0,1,F,1,2026-08-12T04:37:00,2026-08-12T05:18:20.823334,https://rapidmapping.emergency.copernicus.eu/backend/EMSR916/AOI02/GRA_PRODUCT/EMSR916_AOI02_GRA_PRODUCT_v1.zip,2026-08-28
EMSR916,Pereira,2,GRA,0,0,1,F,1,2026-08-12T04:37:00,2026-08-12T05:18:20.823334,https://rapidmapping.emergency.copernicus.eu/backend/EMSR916/AOI02/GRA_PRODUCT/EMSR916_AOI02_GRA_PRODUCT_v1.zip,2026-08-29
EMSR916,Pereira,2,GRA,0,0,1,F,1,2026-08-12T04:37:00,2026-08-12T05:18:20.823334,https://rapidmapping.emergency.copernicus.eu/backend/EMSR916/AOI02/GRA_PRODUCT/EMSR916_AOI02_GRA_PRODUCT_v1.zip,2026-08-30
EMSR916,Pereira,2,GRA,0,0,1,F,1,2026-08-12T04:37:00,2026-08-12T05:18:20.823334,https://rapidmapping.emergency.copernicus.eu/backend/EMSR916/AOI02/GRA_PRODUCT/EMSR916_AOI02_GRA_PRODUCT_v1.zip,2026-08-31
EMSR916,Pereira,2,GRA,0,0,1,F,1,2026-08-12T04:37:00,2026-08-12T05:18:20.823334,https://rapidmapping.emergency.copernicus.eu/backend/EMSR916/AOI02/GRA_PRODUCT/EMSR916_AOI02_GRA_PRODUCT_v1.zip,2026-09-01
EMSR916,Pereira,2,GRA,0,0,1,F,1,2026-08-12T04:37:00,2026-08-12T05:18:20.823334,https://rapidmapping.emergency.copernicus.eu/backend/EMSR916/AOI02/GRA_PRODUCT/EMSR916_AOI02_GRA_PRODUCT_v1.zip,2026-09-02
EMSR916,Pereira,2,GRA,0,0,1,F,1,2026-08-12T04:37:00,2026-08-12T05:18:20.823334,https://rapidmapping.emergency.copernicus.eu/backend/EMSR916/AOI02/GRA_PRODUCT/EMSR916_AOI02_GRA_PRODUCT_v1.zip,2026-09-03
EMSR916,Pereira,2,GRA,0,0,1,F,1,2026-08-12T04:37:00,2026-08-12T05:18:20.823334,https://rapidmapping.emergency.copernicus.eu/backend/EMSR916/AOI02/GRA_PRODUCT/EMSR916_AOI02_GRA_PRODUCT_v1.zip,2026-09-04
EMSR916,Pereira,2,GRA,0,0,1,F,1,2026-08-12T04:37:00,2026-08-12T05:18:20.823334,https://rapidmapping.emergency.copernicus.eu/backend/EMSR916/AOI02/GRA_PRODUCT/EMSR916_AOI02_GRA_PRODUCT_v1.zip,2026-09-05
EMSR916,Pereira,2,GRA,0,0,1,F,1,2026-08-12T04:37:00,2026-08-12T05:18:20.823334,https://rapidmapping.emergency.copernicus.eu/backend/EMSR916/AOI02/GRA_PRODUCT/EMSR916_AOI02_GRA_PRODUCT_v1.zip,2026-09-06
EMSR916,Quibdo Centre,4,GRA,0,0,1,F,1,2026-08-14T04:50:00,2026-08-14T00:48:04.123420,https://rapidmapping.emergency.copernicus.eu/backend/EMSR916/AOI04/GRA_PRODUCT/EMSR916_AOI04_GRA_PRODUCT_v1.zip,2026-08-15
EMSR916,Quibdo Centre,4,GRA,0,0,1,F,1,2026-08-14T04:50:00,2026-08-14T00:48:04.123420,https://rapidmapping.emergency.copernicus.eu/backend/EMSR916/AOI04/GRA_PRODUCT/EMSR916_AOI04_GRA_PRODUCT_v1.zip,2026-08-16
EMSR916,Quibdo Centre,4,GRA,0,0,1,F,1,2026-08-14T04:50:00,2026-08-14T00:48:04.123420,https://rapidmapping.emergency.copernicus.eu/backend/EMSR916/AOI04/GRA_PRODUCT/EMSR916_AOI04_GRA_PRODUCT_v1.zip,2026-08-18
EMSR916,Quibdo Centre,4,GRA,0,0,1,F,1,2026-08-14T04:50:00,2026-08-14T00:48:04.123420,https://rapidmapping.emergency.copernicus.eu/backend/EMSR916/AOI04/GRA_PRODUCT/EMSR916_AOI04_GRA_PRODUCT_v1.zip,2026-08-21
EMSR916,Quibdo Centre,4,GRA,0,0,1,F,1,2026-08-14T04:50:00,2026-08-14T00:48:04.123420,https://rapidmapping.emergency.copernicus.eu/backend/EMSR916/AOI04/GRA_PRODUCT/EMSR916_AOI04_GRA_PRODUCT_v1.zip,2026-08-22
EMSR916,Quibdo Centre,4,GRA,0,0,1,F,1,2026-08-14T04:50:00,2026-08-14T00:48:04.123420,https://rapidmapping.emergency.copernicus.eu/backend/EMSR916/AOI04/GRA_PRODUCT/EMSR916_AOI04_GRA_PRODUCT_v1.zip,2026-08-23
EMSR916,Quibdo Centre,4,GRA,0,0,1,F,1,2026-08-14T04:50:00,2026-08-14T00:48:04.123420,https://rapidmapping.emergency.copernicus.eu/backend/EMSR916/AOI04/GRA_PRODUCT/EMSR916_AOI04_GRA_PRODUCT_v1.zip,2026-08-24
EMSR916,Quibdo Centre,4,GRA,0,0,1,F,1,2026-08-14T04:50:00,2026-08-14T00:48:04.123420,https://rapidmapping.emergency.copernicus.eu/backend/EMSR916/AOI04/GRA_PRODUCT/EMSR916_AOI04_GRA_PRODUCT_v1.zip,2026-08-25
EMSR916,Quibdo Centre,4,GRA,0,0,1,F,1,2026-08-14T04:50:00,2026-08-14T00:48:04.123420,https://rapidmapping.emergency.copernicus.eu/backend/EMSR916/AOI04/GRA_PRODUCT/EMSR916_AOI04_GRA_PRODUCT_v1.zip,2026-08-26
EMSR916,Quibdo Centre,4,GRA,0,0,1,F,1,2026-08-14T04:50:00,2026-08-14T00:48:04.123420,https://rapidmapping.emergency.copernicus.eu/backend/EMSR916/AOI04/GRA_PRODUCT/EMSR916_AOI04_GRA_PRODUCT_v1.zip,2026-08-27
EMSR916,Quibdo Centre,4,GRA,0,0,1,F,1,2026-08-14T04:50:00,2026-08-14T00:48:04.123420,https://rapidmapping.emergency.copernicus.eu/backend/EMSR916/AOI04/GRA_PRODUCT/EMSR916_AOI04_GRA_PRODUCT_v1.zip,2026-08-28
EMSR916,Quibdo Centre,4,GRA,0,0,1,F,1,2026-08-14T04:50:00,2026-08-14T00:48:04.123420,https://rapidmapping.emergency.copernicus.eu/backend/EMSR916/AOI04/GRA_PRODUCT/EMSR916_AOI04_GRA_PRODUCT_v1.zip,2026-08-29
EMSR916,Quibdo Centre,4,GRA,0,0,1,F,1,2026-08-14T04:50:00,2026-08-14T00:48:04.123420,https://rapidmapping.emergency.copernicus.eu/backend/EMSR916/AOI04/GRA_PRODUCT/EMSR916_AOI04_GRA_PRODUCT_v1.zip,2026-08-30
EMSR916,Quibdo Centre,4,GRA,0,0,1,F,1,2026-08-14T04:50:00,2026-08-14T00:48:04.123420,https://rapidmapping.emergency.copernicus.eu/backend/EMSR916/AOI04/GRA_PRODUCT/EMSR916_AOI04_GRA_PRODUCT_v1.zip,2026-08-31
EMSR916,Quibdo Centre,4,GRA,0,0,1,F,1,2026-08-14T04:50:00,2026-08-14T00:48:04.123420,https://rapidmapping.emergency.copernicus.eu/backend/EMSR916/AOI04/GRA_PRODUCT/EMSR916_AOI04_GRA_PRODUCT_v1.zip,2026-09-01
EMSR916,Quibdo Centre,4,GRA,0,0,1,F,1,2026-08-14T04:50:00,2026-08-14T00:48:04.123420,https://rapidmapping.emergency.copernicus.eu/backend/EMSR916/AOI04/GRA_PRODUCT/EMSR916_AOI04_GRA_PRODUCT_v1.zip,2026-09-02
EMSR916,Quibdo Centre,4,GRA,0,0,1,F,1,2026-08-14T04:50:00,2026-08-14T00:48:04.123420,https://rapidmapping.emergency.copernicus.eu/backend/EMSR916/AOI04/GRA_PRODUCT/EMSR916_AOI04_GRA_PRODUCT_v1.zip,2026-09-03
EMSR916,Quibdo Centre,4,GRA,0,0,1,F,1,2026-08-14T04:50:00,2026-08-14T00:48:04.123420,https://rapidmapping.emergency.copernicus.eu/backend/EMSR916/AOI04/GRA_PRODUCT/EMSR916_AOI04_GRA_PRODUCT_v1.zip,2026-09-04
EMSR916,Quibdo Centre,4,GRA,0,0,1,F,1,2026-08-14T04:50:00,2026-08-14T00:48:04.123420,https://rapidmapping.emergency.copernicus.eu/backend/EMSR916/AOI04/GRA_PRODUCT/EMSR916_AOI04_GRA_PRODUCT_v1.zip,2026-09-05
EMSR916,Quibdo Centre,4,GRA,0,0,1,F,1,2026-08-14T04:50:00,2026-08-14T00:48:04.123420,https://rapidmapping.emergency.copernicus.eu/backend/EMSR916/AOI04/GRA_PRODUCT/EMSR916_AOI04_GRA_PRODUCT_v1.zip,2026-09-06
EMSR916,Western Colombia,0,GRM,0,0,1,W,1,2026-08-16T13:48:00,\N,,2026-08-15
EMSR916,Western Colombia,0,GRM,0,0,1,W,1,2026-08-16T13:48:00,\N,,2026-08-16
EMSR916,Western Colombia,0,GRM,0,0,1,N,1,\N,2026-08-17T10:24:00,,2026-08-18
EMSR916,Western Colombia,0,GRM,0,0,1,N,1,\N,2026-08-17T10:24:00,,2026-08-21
EMSR916,Western Colombia,0,GRM,0,0,1,N,1,\N,2026-08-17T10:24:00,,2026-08-22
EMSR916,Western Colombia,0,GRM,0,0,1,N,1,\N,2026-08-17T10:24:00,,2026-08-23
EMSR916,Western Colombia,0,GRM,0,0,1,N,1,\N,2026-08-17T10:24:00,,2026-08-24
EMSR916,Western Colombia,0,GRM,0,0,1,N,1,\N,2026-08-17T10:24:00,,2026-08-25
EMSR916,Western Colombia,0,GRM,0,0,1,N,1,\N,2026-08-17T10:24:00,,2026-08-26
EMSR916,Western Colombia,0,GRM,0,0,1,N,1,\N,2026-08-17T10:24:00,,2026-08-27
EMSR916,Western Colombia,0,GRM,0,0,1,N,1,\N,2026-08-17T10:24:00,,2026-08-28
EMSR916,Western Colombia,0,GRM,0,0,1,N,1,\N,2026-08-17T10:24:00,,2026-08-29
EMSR916,Western Colombia,0,GRM,0,0,1,N,1,\N,2026-08-17T10:24:00,,2026-08-30
EMSR916,Western Colombia,0,GRM,0,0,1,N,1,\N,2026-08-17T10:24:00,,2026-08-31
EMSR916,Western Colombia,0,GRM,0,0,1,N,1,\N,2026-08-17T10:24:00,,2026-09-01
EMSR916,Western Colombia,0,GRM,0,0,1,N,1,\N,2026-08-17T10:24:00,,2026-09-02
EMSR916,Western Colombia,0,GRM,0,0,1,N,1,\N,2026-08-17T10:24:00,,2026-09-03
EMSR916,Western Colombia,0,GRM,0,0,1,N,1,\N,2026-08-17T10:24:00,,2026-09-04
EMSR916,Western Colombia,0,GRM,0,0,1,N,1,\N,2026-08-17T10:24:00,,2026-09-05
EMSR916,Western Colombia,0,GRM,0,0,1,N,1,\N,2026-08-17T10:24:00,,2026-09-06
