code,aoi_name,ptype,monitoring_number,version_number,category,subcategory,unit,total,affected,total_raw,affected_raw,snapshot_date
EMSR865,Monterìa,DEL,0,2,Built-up,Industrial buildings,ha,104.3,4.1,104.3,4.1,2026-08-15
EMSR865,Monterìa,DEL,0,2,Built-up,Industrial buildings,ha,104.3,4.1,104.3,4.1,2026-08-16
EMSR865,Monterìa,DEL,0,2,Built-up,Industrial buildings,ha,104.3,4.1,104.3,4.1,2026-08-18
EMSR865,Monterìa,DEL,0,2,Built-up,Industrial buildings,ha,104.3,4.1,104.3,4.1,2026-08-21
EMSR865,Monterìa,DEL,0,2,Built-up,Office buildings,ha,1.9,0.2,1.9,0.2,2026-08-15
EMSR865,Monterìa,DEL,0,2,Built-up,Office buildings,ha,1.9,0.2,1.9,0.2,2026-08-16
EMSR865,Monterìa,DEL,0,2,Built-up,Office buildings,ha,1.9,0.2,1.9,0.2,2026-08-18
EMSR865,Monterìa,DEL,0,2,Built-up,Office buildings,ha,1.9,0.2,1.9,0.2,2026-08-21
EMSR865,Monterìa,DEL,0,2,Built-up,Residential Buildings,ha,1039.4,35.3,1039.4,35.3,2026-08-15
EMSR865,Monterìa,DEL,0,2,Built-up,Residential Buildings,ha,1039.4,35.3,1039.4,35.3,2026-08-16
EMSR865,Monterìa,DEL,0,2,Built-up,Residential Buildings,ha,1039.4,35.3,1039.4,35.3,2026-08-18
EMSR865,Monterìa,DEL,0,2,Built-up,Residential Buildings,ha,1039.4,35.3,1039.4,35.3,2026-08-21
EMSR865,Monterìa,DEL,0,2,Built-up,"School, university and research buildings",ha,134.5,7.5,134.5,7.5,2026-08-15
EMSR865,Monterìa,DEL,0,2,Built-up,"School, university and research buildings",ha,134.5,7.5,134.5,7.5,2026-08-16
EMSR865,Monterìa,DEL,0,2,Built-up,"School, university and research buildings",ha,134.5,7.5,134.5,7.5,2026-08-18
EMSR865,Monterìa,DEL,0,2,Built-up,"School, university and research buildings",ha,134.5,7.5,134.5,7.5,2026-08-21
EMSR865,Monterìa,DEL,0,2,Estimated population,None,,870000.0,\N,870000,null,2026-08-15
EMSR865,Monterìa,DEL,0,2,Estimated population,None,,870000.0,\N,870000,null,2026-08-16
EMSR865,Monterìa,DEL,0,2,Estimated population,None,,870000.0,\N,870000,null,2026-08-18
EMSR865,Monterìa,DEL,0,2,Estimated population,None,,870000.0,\N,870000,null,2026-08-21
EMSR865,Monterìa,DEL,0,2,Facilities,Constructions for mining or extraction,ha,25.5,1.3,25.5,1.3,2026-08-15
EMSR865,Monterìa,DEL,0,2,Facilities,Constructions for mining or extraction,ha,25.5,1.3,25.5,1.3,2026-08-16
EMSR865,Monterìa,DEL,0,2,Facilities,Constructions for mining or extraction,ha,25.5,1.3,25.5,1.3,2026-08-18
EMSR865,Monterìa,DEL,0,2,Facilities,Constructions for mining or extraction,ha,25.5,1.3,25.5,1.3,2026-08-21
EMSR865,Monterìa,DEL,0,2,Facilities,"Long-distance pipelines, communication and electricity lines",km,200.2,13.9,200.2,13.9,2026-08-15
EMSR865,Monterìa,DEL,0,2,Facilities,"Long-distance pipelines, communication and electricity lines",km,200.2,13.9,200.2,13.9,2026-08-16
EMSR865,Monterìa,DEL,0,2,Facilities,"Long-distance pipelines, communication and electricity lines",km,200.2,13.9,200.2,13.9,2026-08-18
EMSR865,Monterìa,DEL,0,2,Facilities,"Long-distance pipelines, communication and electricity lines",km,200.2,13.9,200.2,13.9,2026-08-21
EMSR865,Monterìa,DEL,0,2,Facilities,Settling Basin,ha,23.9,18.0,23.9,18.0,2026-08-15
EMSR865,Monterìa,DEL,0,2,Facilities,Settling Basin,ha,23.9,18.0,23.9,18.0,2026-08-16
EMSR865,Monterìa,DEL,0,2,Facilities,Settling Basin,ha,23.9,18.0,23.9,18.0,2026-08-18
EMSR865,Monterìa,DEL,0,2,Facilities,Settling Basin,ha,23.9,18.0,23.9,18.0,2026-08-21
EMSR865,Monterìa,DEL,0,2,Facilities,Sport and recreation constructions,ha,100.7,12.4,100.7,12.4,2026-08-15
EMSR865,Monterìa,DEL,0,2,Facilities,Sport and recreation constructions,ha,100.7,12.4,100.7,12.4,2026-08-16
EMSR865,Monterìa,DEL,0,2,Facilities,Sport and recreation constructions,ha,100.7,12.4,100.7,12.4,2026-08-18
EMSR865,Monterìa,DEL,0,2,Facilities,Sport and recreation constructions,ha,100.7,12.4,100.7,12.4,2026-08-21
EMSR865,Monterìa,DEL,0,2,Flooded area,None,ha,\N,66557.1,"""NA""",66557.1,2026-08-15
EMSR865,Monterìa,DEL,0,2,Flooded area,None,ha,\N,66557.1,"""NA""",66557.1,2026-08-16
EMSR865,Monterìa,DEL,0,2,Flooded area,None,ha,\N,66557.1,"""NA""",66557.1,2026-08-18
EMSR865,Monterìa,DEL,0,2,Flooded area,None,ha,\N,66557.1,"""NA""",66557.1,2026-08-21
EMSR865,Monterìa,DEL,0,2,Land use,Forests ,ha,50492.7,2314.9,50492.7,2314.9,2026-08-15
EMSR865,Monterìa,DEL,0,2,Land use,Forests ,ha,50492.7,2314.9,50492.7,2314.9,2026-08-16
EMSR865,Monterìa,DEL,0,2,Land use,Forests ,ha,50492.7,2314.9,50492.7,2314.9,2026-08-18
EMSR865,Monterìa,DEL,0,2,Land use,Forests ,ha,50492.7,2314.9,50492.7,2314.9,2026-08-21
EMSR865,Monterìa,DEL,0,2,Land use,Heterogeneous agricultural areas ,ha,84739.0,13792.2,84739.0,13792.2,2026-08-15
EMSR865,Monterìa,DEL,0,2,Land use,Heterogeneous agricultural areas ,ha,84739.0,13792.2,84739.0,13792.2,2026-08-16
EMSR865,Monterìa,DEL,0,2,Land use,Heterogeneous agricultural areas ,ha,84739.0,13792.2,84739.0,13792.2,2026-08-18
EMSR865,Monterìa,DEL,0,2,Land use,Heterogeneous agricultural areas ,ha,84739.0,13792.2,84739.0,13792.2,2026-08-21
EMSR865,Monterìa,DEL,0,2,Land use,Inland wetlands ,ha,44173.7,14290.5,44173.7,14290.5,2026-08-15
EMSR865,Monterìa,DEL,0,2,Land use,Inland wetlands ,ha,44173.7,14290.5,44173.7,14290.5,2026-08-16
EMSR865,Monterìa,DEL,0,2,Land use,Inland wetlands ,ha,44173.7,14290.5,44173.7,14290.5,2026-08-18
EMSR865,Monterìa,DEL,0,2,Land use,Inland wetlands ,ha,44173.7,14290.5,44173.7,14290.5,2026-08-21
EMSR865,Monterìa,DEL,0,2,Land use,Other,ha,9775.1,913.7,9775.1,913.7,2026-08-15
EMSR865,Monterìa,DEL,0,2,Land use,Other,ha,9775.1,913.7,9775.1,913.7,2026-08-16
EMSR865,Monterìa,DEL,0,2,Land use,Other,ha,9775.1,913.7,9775.1,913.7,2026-08-18
EMSR865,Monterìa,DEL,0,2,Land use,Other,ha,9775.1,913.7,9775.1,913.7,2026-08-21
EMSR865,Monterìa,DEL,0,2,Land use,Shrub and/or herbaceous vegetation association,ha,226707.3,35245.8,226707.3,35245.8,2026-08-15
EMSR865,Monterìa,DEL,0,2,Land use,Shrub and/or herbaceous vegetation association,ha,226707.3,35245.8,226707.3,35245.8,2026-08-16
EMSR865,Monterìa,DEL,0,2,Land use,Shrub and/or herbaceous vegetation association,ha,226707.3,35245.8,226707.3,35245.8,2026-08-18
EMSR865,Monterìa,DEL,0,2,Land use,Shrub and/or herbaceous vegetation association,ha,226707.3,35245.8,226707.3,35245.8,2026-08-21
EMSR865,Monterìa,DEL,0,2,Maximum of all extents**,None,ha,\N,66557.1,"""NA""",66557.1,2026-08-15
EMSR865,Monterìa,DEL,0,2,Maximum of all extents**,None,ha,\N,66557.1,"""NA""",66557.1,2026-08-16
EMSR865,Monterìa,DEL,0,2,Maximum of all extents**,None,ha,\N,66557.1,"""NA""",66557.1,2026-08-18
EMSR865,Monterìa,DEL,0,2,Maximum of all extents**,None,ha,\N,66557.1,"""NA""",66557.1,2026-08-21
EMSR865,Monterìa,DEL,0,2,Transportation,Airfield runways,km,7.1,0.3,7.1,0.3,2026-08-15
EMSR865,Monterìa,DEL,0,2,Transportation,Airfield runways,km,7.1,0.3,7.1,0.3,2026-08-16
EMSR865,Monterìa,DEL,0,2,Transportation,Airfield runways,km,7.1,0.3,7.1,0.3,2026-08-18
EMSR865,Monterìa,DEL,0,2,Transportation,Airfield runways,km,7.1,0.3,7.1,0.3,2026-08-21
EMSR865,Monterìa,DEL,0,2,Transportation,Cart Track,km,2713.6,209.7,2713.6,209.7,2026-08-15
EMSR865,Monterìa,DEL,0,2,Transportation,Cart Track,km,2713.6,209.7,2713.6,209.7,2026-08-16
EMSR865,Monterìa,DEL,0,2,Transportation,Cart Track,km,2713.6,209.7,2713.6,209.7,2026-08-18
EMSR865,Monterìa,DEL,0,2,Transportation,Cart Track,km,2713.6,209.7,2713.6,209.7,2026-08-21
EMSR865,Monterìa,DEL,0,2,Transportation,Highways,km,136.8,9.4,136.8,9.4,2026-08-15
EMSR865,Monterìa,DEL,0,2,Transportation,Highways,km,136.8,9.4,136.8,9.4,2026-08-16
EMSR865,Monterìa,DEL,0,2,Transportation,Highways,km,136.8,9.4,136.8,9.4,2026-08-18
EMSR865,Monterìa,DEL,0,2,Transportation,Highways,km,136.8,9.4,136.8,9.4,2026-08-21
EMSR865,Monterìa,DEL,0,2,Transportation,Local Road,km,2304.2,280.8,2304.2,280.8,2026-08-15
EMSR865,Monterìa,DEL,0,2,Transportation,Local Road,km,2304.2,280.8,2304.2,280.8,2026-08-16
EMSR865,Monterìa,DEL,0,2,Transportation,Local Road,km,2304.2,280.8,2304.2,280.8,2026-08-18
EMSR865,Monterìa,DEL,0,2,Transportation,Local Road,km,2304.2,280.8,2304.2,280.8,2026-08-21
EMSR865,Monterìa,DEL,0,2,Transportation,Primary Road,km,252.6,16.0,252.6,16.0,2026-08-15
EMSR865,Monterìa,DEL,0,2,Transportation,Primary Road,km,252.6,16.0,252.6,16.0,2026-08-16
EMSR865,Monterìa,DEL,0,2,Transportation,Primary Road,km,252.6,16.0,252.6,16.0,2026-08-18
EMSR865,Monterìa,DEL,0,2,Transportation,Primary Road,km,252.6,16.0,252.6,16.0,2026-08-21
EMSR865,Monterìa,DEL,0,2,Transportation,Secondary Road,km,151.1,5.8,151.1,5.8,2026-08-15
EMSR865,Monterìa,DEL,0,2,Transportation,Secondary Road,km,151.1,5.8,151.1,5.8,2026-08-16
EMSR865,Monterìa,DEL,0,2,Transportation,Secondary Road,km,151.1,5.8,151.1,5.8,2026-08-18
EMSR865,Monterìa,DEL,0,2,Transportation,Secondary Road,km,151.1,5.8,151.1,5.8,2026-08-21
EMSR865,Monterìa,DEL,1,1,Built-up,Industrial buildings,ha,104.3,0.2,104.3,0.2,2026-08-15
EMSR865,Monterìa,DEL,1,1,Built-up,Industrial buildings,ha,104.3,0.2,104.3,0.2,2026-08-16
EMSR865,Monterìa,DEL,1,1,Built-up,Industrial buildings,ha,104.3,0.2,104.3,0.2,2026-08-18
EMSR865,Monterìa,DEL,1,1,Built-up,Industrial buildings,ha,104.3,0.2,104.3,0.2,2026-08-21
EMSR865,Monterìa,DEL,1,1,Built-up,Residential Buildings,ha,1039.4,47.3,1039.4,47.3,2026-08-15
EMSR865,Monterìa,DEL,1,1,Built-up,Residential Buildings,ha,1039.4,47.3,1039.4,47.3,2026-08-16
EMSR865,Monterìa,DEL,1,1,Built-up,Residential Buildings,ha,1039.4,47.3,1039.4,47.3,2026-08-18
EMSR865,Monterìa,DEL,1,1,Built-up,Residential Buildings,ha,1039.4,47.3,1039.4,47.3,2026-08-21
EMSR865,Monterìa,DEL,1,1,Built-up,"School, university and research buildings",ha,134.5,1.1,134.5,1.1,2026-08-15
EMSR865,Monterìa,DEL,1,1,Built-up,"School, university and research buildings",ha,134.5,1.1,134.5,1.1,2026-08-16
EMSR865,Monterìa,DEL,1,1,Built-up,"School, university and research buildings",ha,134.5,1.1,134.5,1.1,2026-08-18
EMSR865,Monterìa,DEL,1,1,Built-up,"School, university and research buildings",ha,134.5,1.1,134.5,1.1,2026-08-21
EMSR865,Monterìa,DEL,1,1,Estimated population,None,,870000.0,\N,870000,null,2026-08-15
EMSR865,Monterìa,DEL,1,1,Estimated population,None,,870000.0,\N,870000,null,2026-08-16
EMSR865,Monterìa,DEL,1,1,Estimated population,None,,870000.0,\N,870000,null,2026-08-18
EMSR865,Monterìa,DEL,1,1,Estimated population,None,,870000.0,\N,870000,null,2026-08-21
EMSR865,Monterìa,DEL,1,1,Facilities,Constructions for mining or extraction,ha,25.5,1.6,25.5,1.6,2026-08-15
EMSR865,Monterìa,DEL,1,1,Facilities,Constructions for mining or extraction,ha,25.5,1.6,25.5,1.6,2026-08-16
EMSR865,Monterìa,DEL,1,1,Facilities,Constructions for mining or extraction,ha,25.5,1.6,25.5,1.6,2026-08-18
EMSR865,Monterìa,DEL,1,1,Facilities,Constructions for mining or extraction,ha,25.5,1.6,25.5,1.6,2026-08-21
EMSR865,Monterìa,DEL,1,1,Facilities,"Long-distance pipelines, communication and electricity lines",km,200.2,8.7,200.2,8.7,2026-08-15
EMSR865,Monterìa,DEL,1,1,Facilities,"Long-distance pipelines, communication and electricity lines",km,200.2,8.7,200.2,8.7,2026-08-16
EMSR865,Monterìa,DEL,1,1,Facilities,"Long-distance pipelines, communication and electricity lines",km,200.2,8.7,200.2,8.7,2026-08-18
EMSR865,Monterìa,DEL,1,1,Facilities,"Long-distance pipelines, communication and electricity lines",km,200.2,8.7,200.2,8.7,2026-08-21
EMSR865,Monterìa,DEL,1,1,Facilities,Settling Basin,ha,23.9,17.3,23.9,17.3,2026-08-15
EMSR865,Monterìa,DEL,1,1,Facilities,Settling Basin,ha,23.9,17.3,23.9,17.3,2026-08-16
EMSR865,Monterìa,DEL,1,1,Facilities,Settling Basin,ha,23.9,17.3,23.9,17.3,2026-08-18
EMSR865,Monterìa,DEL,1,1,Facilities,Settling Basin,ha,23.9,17.3,23.9,17.3,2026-08-21
EMSR865,Monterìa,DEL,1,1,Facilities,Sport and recreation constructions,ha,100.7,4.9,100.7,4.9,2026-08-15
EMSR865,Monterìa,DEL,1,1,Facilities,Sport and recreation constructions,ha,100.7,4.9,100.7,4.9,2026-08-16
EMSR865,Monterìa,DEL,1,1,Facilities,Sport and recreation constructions,ha,100.7,4.9,100.7,4.9,2026-08-18
EMSR865,Monterìa,DEL,1,1,Facilities,Sport and recreation constructions,ha,100.7,4.9,100.7,4.9,2026-08-21
EMSR865,Monterìa,DEL,1,1,Flooded area,None,ha,\N,68996.4,"""NA""",68996.4,2026-08-15
EMSR865,Monterìa,DEL,1,1,Flooded area,None,ha,\N,68996.4,"""NA""",68996.4,2026-08-16
EMSR865,Monterìa,DEL,1,1,Flooded area,None,ha,\N,68996.4,"""NA""",68996.4,2026-08-18
EMSR865,Monterìa,DEL,1,1,Flooded area,None,ha,\N,68996.4,"""NA""",68996.4,2026-08-21
EMSR865,Monterìa,DEL,1,1,Land use,Forests ,ha,50492.7,2208.9,50492.7,2208.9,2026-08-15
EMSR865,Monterìa,DEL,1,1,Land use,Forests ,ha,50492.7,2208.9,50492.7,2208.9,2026-08-16
EMSR865,Monterìa,DEL,1,1,Land use,Forests ,ha,50492.7,2208.9,50492.7,2208.9,2026-08-18
EMSR865,Monterìa,DEL,1,1,Land use,Forests ,ha,50492.7,2208.9,50492.7,2208.9,2026-08-21
EMSR865,Monterìa,DEL,1,1,Land use,Heterogeneous agricultural areas ,ha,84739.0,15802.3,84739.0,15802.3,2026-08-15
EMSR865,Monterìa,DEL,1,1,Land use,Heterogeneous agricultural areas ,ha,84739.0,15802.3,84739.0,15802.3,2026-08-16
EMSR865,Monterìa,DEL,1,1,Land use,Heterogeneous agricultural areas ,ha,84739.0,15802.3,84739.0,15802.3,2026-08-18
EMSR865,Monterìa,DEL,1,1,Land use,Heterogeneous agricultural areas ,ha,84739.0,15802.3,84739.0,15802.3,2026-08-21
EMSR865,Monterìa,DEL,1,1,Land use,Inland wetlands ,ha,44173.7,15999.5,44173.7,15999.5,2026-08-15
EMSR865,Monterìa,DEL,1,1,Land use,Inland wetlands ,ha,44173.7,15999.5,44173.7,15999.5,2026-08-16
EMSR865,Monterìa,DEL,1,1,Land use,Inland wetlands ,ha,44173.7,15999.5,44173.7,15999.5,2026-08-18
EMSR865,Monterìa,DEL,1,1,Land use,Inland wetlands ,ha,44173.7,15999.5,44173.7,15999.5,2026-08-21
EMSR865,Monterìa,DEL,1,1,Land use,Other,ha,9775.1,1108.5,9775.1,1108.5,2026-08-15
EMSR865,Monterìa,DEL,1,1,Land use,Other,ha,9775.1,1108.5,9775.1,1108.5,2026-08-16
EMSR865,Monterìa,DEL,1,1,Land use,Other,ha,9775.1,1108.5,9775.1,1108.5,2026-08-18
EMSR865,Monterìa,DEL,1,1,Land use,Other,ha,9775.1,1108.5,9775.1,1108.5,2026-08-21
EMSR865,Monterìa,DEL,1,1,Land use,Shrub and/or herbaceous vegetation association,ha,226707.3,33877.2,226707.3,33877.2,2026-08-15
EMSR865,Monterìa,DEL,1,1,Land use,Shrub and/or herbaceous vegetation association,ha,226707.3,33877.2,226707.3,33877.2,2026-08-16
EMSR865,Monterìa,DEL,1,1,Land use,Shrub and/or herbaceous vegetation association,ha,226707.3,33877.2,226707.3,33877.2,2026-08-18
EMSR865,Monterìa,DEL,1,1,Land use,Shrub and/or herbaceous vegetation association,ha,226707.3,33877.2,226707.3,33877.2,2026-08-21
EMSR865,Monterìa,DEL,1,1,Maximum of all extents**,None,ha,\N,68996.4,"""NA""",68996.4,2026-08-15
EMSR865,Monterìa,DEL,1,1,Maximum of all extents**,None,ha,\N,68996.4,"""NA""",68996.4,2026-08-16
EMSR865,Monterìa,DEL,1,1,Maximum of all extents**,None,ha,\N,68996.4,"""NA""",68996.4,2026-08-18
EMSR865,Monterìa,DEL,1,1,Maximum of all extents**,None,ha,\N,68996.4,"""NA""",68996.4,2026-08-21
EMSR865,Monterìa,DEL,1,1,Transportation,Airfield runways,km,7.1,0.2,7.1,0.2,2026-08-15
EMSR865,Monterìa,DEL,1,1,Transportation,Airfield runways,km,7.1,0.2,7.1,0.2,2026-08-16
EMSR865,Monterìa,DEL,1,1,Transportation,Airfield runways,km,7.1,0.2,7.1,0.2,2026-08-18
EMSR865,Monterìa,DEL,1,1,Transportation,Airfield runways,km,7.1,0.2,7.1,0.2,2026-08-21
EMSR865,Monterìa,DEL,1,1,Transportation,Cart Track,km,2713.6,202.7,2713.6,202.7,2026-08-15
EMSR865,Monterìa,DEL,1,1,Transportation,Cart Track,km,2713.6,202.7,2713.6,202.7,2026-08-16
EMSR865,Monterìa,DEL,1,1,Transportation,Cart Track,km,2713.6,202.7,2713.6,202.7,2026-08-18
EMSR865,Monterìa,DEL,1,1,Transportation,Cart Track,km,2713.6,202.7,2713.6,202.7,2026-08-21
EMSR865,Monterìa,DEL,1,1,Transportation,Highways,km,136.8,2.2,136.8,2.2,2026-08-15
EMSR865,Monterìa,DEL,1,1,Transportation,Highways,km,136.8,2.2,136.8,2.2,2026-08-16
EMSR865,Monterìa,DEL,1,1,Transportation,Highways,km,136.8,2.2,136.8,2.2,2026-08-18
EMSR865,Monterìa,DEL,1,1,Transportation,Highways,km,136.8,2.2,136.8,2.2,2026-08-21
EMSR865,Monterìa,DEL,1,1,Transportation,Local Road,km,2304.2,84.7,2304.2,84.7,2026-08-15
EMSR865,Monterìa,DEL,1,1,Transportation,Local Road,km,2304.2,84.7,2304.2,84.7,2026-08-16
EMSR865,Monterìa,DEL,1,1,Transportation,Local Road,km,2304.2,84.7,2304.2,84.7,2026-08-18
EMSR865,Monterìa,DEL,1,1,Transportation,Local Road,km,2304.2,84.7,2304.2,84.7,2026-08-21
EMSR865,Monterìa,DEL,1,1,Transportation,Primary Road,km,252.6,6.9,252.6,6.9,2026-08-15
EMSR865,Monterìa,DEL,1,1,Transportation,Primary Road,km,252.6,6.9,252.6,6.9,2026-08-16
EMSR865,Monterìa,DEL,1,1,Transportation,Primary Road,km,252.6,6.9,252.6,6.9,2026-08-18
EMSR865,Monterìa,DEL,1,1,Transportation,Primary Road,km,252.6,6.9,252.6,6.9,2026-08-21
EMSR865,Monterìa,DEL,1,1,Transportation,Secondary Road,km,151.1,3.4,151.1,3.4,2026-08-15
EMSR865,Monterìa,DEL,1,1,Transportation,Secondary Road,km,151.1,3.4,151.1,3.4,2026-08-16
EMSR865,Monterìa,DEL,1,1,Transportation,Secondary Road,km,151.1,3.4,151.1,3.4,2026-08-18
EMSR865,Monterìa,DEL,1,1,Transportation,Secondary Road,km,151.1,3.4,151.1,3.4,2026-08-21
EMSR865,Monterìa,DEL,2,1,Built-up,Industrial buildings,ha,104.3,0.2,104.3,0.2,2026-08-15
EMSR865,Monterìa,DEL,2,1,Built-up,Industrial buildings,ha,104.3,0.2,104.3,0.2,2026-08-16
EMSR865,Monterìa,DEL,2,1,Built-up,Industrial buildings,ha,104.3,0.2,104.3,0.2,2026-08-18
EMSR865,Monterìa,DEL,2,1,Built-up,Industrial buildings,ha,104.3,0.2,104.3,0.2,2026-08-21
EMSR865,Monterìa,DEL,2,1,Built-up,Residential Buildings,ha,1039.4,16.5,1039.4,16.5,2026-08-15
EMSR865,Monterìa,DEL,2,1,Built-up,Residential Buildings,ha,1039.4,16.5,1039.4,16.5,2026-08-16
EMSR865,Monterìa,DEL,2,1,Built-up,Residential Buildings,ha,1039.4,16.5,1039.4,16.5,2026-08-18
EMSR865,Monterìa,DEL,2,1,Built-up,Residential Buildings,ha,1039.4,16.5,1039.4,16.5,2026-08-21
EMSR865,Monterìa,DEL,2,1,Built-up,"School, university and research buildings",ha,134.5,0.4,134.5,0.4,2026-08-15
EMSR865,Monterìa,DEL,2,1,Built-up,"School, university and research buildings",ha,134.5,0.4,134.5,0.4,2026-08-16
EMSR865,Monterìa,DEL,2,1,Built-up,"School, university and research buildings",ha,134.5,0.4,134.5,0.4,2026-08-18
EMSR865,Monterìa,DEL,2,1,Built-up,"School, university and research buildings",ha,134.5,0.4,134.5,0.4,2026-08-21
EMSR865,Monterìa,DEL,2,1,Estimated population,None,,870000.0,\N,870000,null,2026-08-15
EMSR865,Monterìa,DEL,2,1,Estimated population,None,,870000.0,\N,870000,null,2026-08-16
EMSR865,Monterìa,DEL,2,1,Estimated population,None,,870000.0,\N,870000,null,2026-08-18
EMSR865,Monterìa,DEL,2,1,Estimated population,None,,870000.0,\N,870000,null,2026-08-21
EMSR865,Monterìa,DEL,2,1,Facilities,Constructions for mining or extraction,ha,25.5,0.6,25.5,0.6,2026-08-15
EMSR865,Monterìa,DEL,2,1,Facilities,Constructions for mining or extraction,ha,25.5,0.6,25.5,0.6,2026-08-16
EMSR865,Monterìa,DEL,2,1,Facilities,Constructions for mining or extraction,ha,25.5,0.6,25.5,0.6,2026-08-18
EMSR865,Monterìa,DEL,2,1,Facilities,Constructions for mining or extraction,ha,25.5,0.6,25.5,0.6,2026-08-21
EMSR865,Monterìa,DEL,2,1,Facilities,"Long-distance pipelines, communication and electricity lines",km,201.0,4.0,201.0,4.0,2026-08-15
EMSR865,Monterìa,DEL,2,1,Facilities,"Long-distance pipelines, communication and electricity lines",km,201.0,4.0,201.0,4.0,2026-08-16
EMSR865,Monterìa,DEL,2,1,Facilities,"Long-distance pipelines, communication and electricity lines",km,201.0,4.0,201.0,4.0,2026-08-18
EMSR865,Monterìa,DEL,2,1,Facilities,"Long-distance pipelines, communication and electricity lines",km,201.0,4.0,201.0,4.0,2026-08-21
EMSR865,Monterìa,DEL,2,1,Facilities,Settling Basin,ha,23.9,7.7,23.9,7.7,2026-08-15
EMSR865,Monterìa,DEL,2,1,Facilities,Settling Basin,ha,23.9,7.7,23.9,7.7,2026-08-16
EMSR865,Monterìa,DEL,2,1,Facilities,Settling Basin,ha,23.9,7.7,23.9,7.7,2026-08-18
EMSR865,Monterìa,DEL,2,1,Facilities,Settling Basin,ha,23.9,7.7,23.9,7.7,2026-08-21
EMSR865,Monterìa,DEL,2,1,Facilities,Sport and recreation constructions,ha,100.8,4.1,100.8,4.1,2026-08-15
EMSR865,Monterìa,DEL,2,1,Facilities,Sport and recreation constructions,ha,100.8,4.1,100.8,4.1,2026-08-16
EMSR865,Monterìa,DEL,2,1,Facilities,Sport and recreation constructions,ha,100.8,4.1,100.8,4.1,2026-08-18
EMSR865,Monterìa,DEL,2,1,Facilities,Sport and recreation constructions,ha,100.8,4.1,100.8,4.1,2026-08-21
EMSR865,Monterìa,DEL,2,1,Flooded area,None,ha,\N,50383.5,"""NA""",50383.5,2026-08-15
EMSR865,Monterìa,DEL,2,1,Flooded area,None,ha,\N,50383.5,"""NA""",50383.5,2026-08-16
EMSR865,Monterìa,DEL,2,1,Flooded area,None,ha,\N,50383.5,"""NA""",50383.5,2026-08-18
EMSR865,Monterìa,DEL,2,1,Flooded area,None,ha,\N,50383.5,"""NA""",50383.5,2026-08-21
EMSR865,Monterìa,DEL,2,1,Land use,Forests ,ha,50537.3,2063.2,50537.3,2063.2,2026-08-15
EMSR865,Monterìa,DEL,2,1,Land use,Forests ,ha,50537.3,2063.2,50537.3,2063.2,2026-08-16
EMSR865,Monterìa,DEL,2,1,Land use,Forests ,ha,50537.3,2063.2,50537.3,2063.2,2026-08-18
EMSR865,Monterìa,DEL,2,1,Land use,Forests ,ha,50537.3,2063.2,50537.3,2063.2,2026-08-21
EMSR865,Monterìa,DEL,2,1,Land use,Heterogeneous agricultural areas ,ha,86053.3,9869.6,86053.3,9869.6,2026-08-15
EMSR865,Monterìa,DEL,2,1,Land use,Heterogeneous agricultural areas ,ha,86053.3,9869.6,86053.3,9869.6,2026-08-16
EMSR865,Monterìa,DEL,2,1,Land use,Heterogeneous agricultural areas ,ha,86053.3,9869.6,86053.3,9869.6,2026-08-18
EMSR865,Monterìa,DEL,2,1,Land use,Heterogeneous agricultural areas ,ha,86053.3,9869.6,86053.3,9869.6,2026-08-21
EMSR865,Monterìa,DEL,2,1,Land use,Inland wetlands ,ha,44345.9,15924.2,44345.9,15924.2,2026-08-15
EMSR865,Monterìa,DEL,2,1,Land use,Inland wetlands ,ha,44345.9,15924.2,44345.9,15924.2,2026-08-16
EMSR865,Monterìa,DEL,2,1,Land use,Inland wetlands ,ha,44345.9,15924.2,44345.9,15924.2,2026-08-18
EMSR865,Monterìa,DEL,2,1,Land use,Inland wetlands ,ha,44345.9,15924.2,44345.9,15924.2,2026-08-21
EMSR865,Monterìa,DEL,2,1,Land use,Other,ha,9368.9,252.4,9368.9,252.4,2026-08-15
EMSR865,Monterìa,DEL,2,1,Land use,Other,ha,9368.9,252.4,9368.9,252.4,2026-08-16
EMSR865,Monterìa,DEL,2,1,Land use,Other,ha,9368.9,252.4,9368.9,252.4,2026-08-18
EMSR865,Monterìa,DEL,2,1,Land use,Other,ha,9368.9,252.4,9368.9,252.4,2026-08-21
EMSR865,Monterìa,DEL,2,1,Land use,Shrub and/or herbaceous vegetation association,ha,227375.1,22274.1,227375.1,22274.1,2026-08-15
EMSR865,Monterìa,DEL,2,1,Land use,Shrub and/or herbaceous vegetation association,ha,227375.1,22274.1,227375.1,22274.1,2026-08-16
EMSR865,Monterìa,DEL,2,1,Land use,Shrub and/or herbaceous vegetation association,ha,227375.1,22274.1,227375.1,22274.1,2026-08-18
EMSR865,Monterìa,DEL,2,1,Land use,Shrub and/or herbaceous vegetation association,ha,227375.1,22274.1,227375.1,22274.1,2026-08-21
EMSR865,Monterìa,DEL,2,1,Maximum of all extents**,None,ha,\N,50383.5,"""NA""",50383.5,2026-08-15
EMSR865,Monterìa,DEL,2,1,Maximum of all extents**,None,ha,\N,50383.5,"""NA""",50383.5,2026-08-16
EMSR865,Monterìa,DEL,2,1,Maximum of all extents**,None,ha,\N,50383.5,"""NA""",50383.5,2026-08-18
EMSR865,Monterìa,DEL,2,1,Maximum of all extents**,None,ha,\N,50383.5,"""NA""",50383.5,2026-08-21
EMSR865,Monterìa,DEL,2,1,Transportation,Airfield runways,km,7.1,0.5,7.1,0.5,2026-08-15
EMSR865,Monterìa,DEL,2,1,Transportation,Airfield runways,km,7.1,0.5,7.1,0.5,2026-08-16
EMSR865,Monterìa,DEL,2,1,Transportation,Airfield runways,km,7.1,0.5,7.1,0.5,2026-08-18
EMSR865,Monterìa,DEL,2,1,Transportation,Airfield runways,km,7.1,0.5,7.1,0.5,2026-08-21
EMSR865,Monterìa,DEL,2,1,Transportation,Cart Track,km,2719.0,117.0,2719.0,117.0,2026-08-15
EMSR865,Monterìa,DEL,2,1,Transportation,Cart Track,km,2719.0,117.0,2719.0,117.0,2026-08-16
EMSR865,Monterìa,DEL,2,1,Transportation,Cart Track,km,2719.0,117.0,2719.0,117.0,2026-08-18
EMSR865,Monterìa,DEL,2,1,Transportation,Cart Track,km,2719.0,117.0,2719.0,117.0,2026-08-21
EMSR865,Monterìa,DEL,2,1,Transportation,Highways,km,136.8,1.9,136.8,1.9,2026-08-15
EMSR865,Monterìa,DEL,2,1,Transportation,Highways,km,136.8,1.9,136.8,1.9,2026-08-16
EMSR865,Monterìa,DEL,2,1,Transportation,Highways,km,136.8,1.9,136.8,1.9,2026-08-18
EMSR865,Monterìa,DEL,2,1,Transportation,Highways,km,136.8,1.9,136.8,1.9,2026-08-21
EMSR865,Monterìa,DEL,2,1,Transportation,Local Road,km,2309.5,52.3,2309.5,52.3,2026-08-15
EMSR865,Monterìa,DEL,2,1,Transportation,Local Road,km,2309.5,52.3,2309.5,52.3,2026-08-16
EMSR865,Monterìa,DEL,2,1,Transportation,Local Road,km,2309.5,52.3,2309.5,52.3,2026-08-18
EMSR865,Monterìa,DEL,2,1,Transportation,Local Road,km,2309.5,52.3,2309.5,52.3,2026-08-21
EMSR865,Monterìa,DEL,2,1,Transportation,Primary Road,km,252.6,3.5,252.6,3.5,2026-08-15
EMSR865,Monterìa,DEL,2,1,Transportation,Primary Road,km,252.6,3.5,252.6,3.5,2026-08-16
EMSR865,Monterìa,DEL,2,1,Transportation,Primary Road,km,252.6,3.5,252.6,3.5,2026-08-18
EMSR865,Monterìa,DEL,2,1,Transportation,Primary Road,km,252.6,3.5,252.6,3.5,2026-08-21
EMSR865,Monterìa,DEL,2,1,Transportation,Secondary Road,km,151.1,0.9,151.1,0.9,2026-08-15
EMSR865,Monterìa,DEL,2,1,Transportation,Secondary Road,km,151.1,0.9,151.1,0.9,2026-08-16
EMSR865,Monterìa,DEL,2,1,Transportation,Secondary Road,km,151.1,0.9,151.1,0.9,2026-08-18
EMSR865,Monterìa,DEL,2,1,Transportation,Secondary Road,km,151.1,0.9,151.1,0.9,2026-08-21
EMSR916,Buenaventura,GRA,0,1,Built-up,Other non-residential buildings,,\N,10.0,"""NA""",10,2026-08-15
EMSR916,Buenaventura,GRA,0,1,Built-up,Other non-residential buildings,,\N,10.0,"""NA""",10,2026-08-16
EMSR916,Buenaventura,GRA,0,1,Built-up,Other non-residential buildings,,\N,10.0,"""NA""",10,2026-08-18
EMSR916,Buenaventura,GRA,0,1,Built-up,Other non-residential buildings,,\N,10.0,"""NA""",10,2026-08-21
EMSR916,Buenaventura,GRA,0,1,Built-up,Residential Buildings,,\N,246.0,"""NA""",246,2026-08-15
EMSR916,Buenaventura,GRA,0,1,Built-up,Residential Buildings,,\N,246.0,"""NA""",246,2026-08-16
EMSR916,Buenaventura,GRA,0,1,Built-up,Residential Buildings,,\N,246.0,"""NA""",246,2026-08-18
EMSR916,Buenaventura,GRA,0,1,Built-up,Residential Buildings,,\N,246.0,"""NA""",246,2026-08-21
EMSR916,Buenaventura,GRA,0,1,Estimated population,None,,320000.0,\N,320000,null,2026-08-15
EMSR916,Buenaventura,GRA,0,1,Estimated population,None,,320000.0,\N,320000,null,2026-08-16
EMSR916,Buenaventura,GRA,0,1,Estimated population,None,,320000.0,\N,320000,null,2026-08-18
EMSR916,Buenaventura,GRA,0,1,Estimated population,None,,320000.0,\N,320000,null,2026-08-21
EMSR916,Buenaventura,GRA,0,1,NA,None,,\N,\N,"""NA""",null,2026-08-15
EMSR916,Buenaventura,GRA,0,1,NA,None,,\N,\N,"""NA""",null,2026-08-16
EMSR916,Buenaventura,GRA,0,1,NA,None,,\N,\N,"""NA""",null,2026-08-18
EMSR916,Buenaventura,GRA,0,1,NA,None,,\N,\N,"""NA""",null,2026-08-21
EMSR916,Buenaventura,GRA,1,2,Built-up,Other non-residential buildings,,\N,11.0,"""NA""",11,2026-08-15
EMSR916,Buenaventura,GRA,1,2,Built-up,Other non-residential buildings,,\N,11.0,"""NA""",11,2026-08-16
EMSR916,Buenaventura,GRA,1,2,Built-up,Other non-residential buildings,,\N,11.0,"""NA""",11,2026-08-18
EMSR916,Buenaventura,GRA,1,2,Built-up,Other non-residential buildings,,\N,11.0,"""NA""",11,2026-08-21
EMSR916,Buenaventura,GRA,1,2,Built-up,Residential Buildings,,\N,322.0,"""NA""",322,2026-08-15
EMSR916,Buenaventura,GRA,1,2,Built-up,Residential Buildings,,\N,322.0,"""NA""",322,2026-08-16
EMSR916,Buenaventura,GRA,1,2,Built-up,Residential Buildings,,\N,322.0,"""NA""",322,2026-08-18
EMSR916,Buenaventura,GRA,1,2,Built-up,Residential Buildings,,\N,322.0,"""NA""",322,2026-08-21
EMSR916,Buenaventura,GRA,1,2,Built-up,"School, university and research buildings",,\N,2.0,"""NA""",2,2026-08-15
EMSR916,Buenaventura,GRA,1,2,Built-up,"School, university and research buildings",,\N,2.0,"""NA""",2,2026-08-16
EMSR916,Buenaventura,GRA,1,2,Built-up,"School, university and research buildings",,\N,2.0,"""NA""",2,2026-08-18
EMSR916,Buenaventura,GRA,1,2,Built-up,"School, university and research buildings",,\N,2.0,"""NA""",2,2026-08-21
EMSR916,Buenaventura,GRA,1,2,Estimated population,None,,320000.0,\N,320000,null,2026-08-15
EMSR916,Buenaventura,GRA,1,2,Estimated population,None,,320000.0,\N,320000,null,2026-08-16
EMSR916,Buenaventura,GRA,1,2,Estimated population,None,,320000.0,\N,320000,null,2026-08-18
EMSR916,Buenaventura,GRA,1,2,Estimated population,None,,320000.0,\N,320000,null,2026-08-21
EMSR916,Buenaventura,GRA,1,2,NA,None,,\N,\N,"""NA""",null,2026-08-15
EMSR916,Buenaventura,GRA,1,2,NA,None,,\N,\N,"""NA""",null,2026-08-16
EMSR916,Buenaventura,GRA,1,2,NA,None,,\N,\N,"""NA""",null,2026-08-18
EMSR916,Buenaventura,GRA,1,2,NA,None,,\N,\N,"""NA""",null,2026-08-21
EMSR916,Cali Center,GRA,0,1,Built-up,Residential Buildings,,\N,14.0,"""NA""",14,2026-08-15
EMSR916,Cali Center,GRA,0,1,Built-up,Residential Buildings,,\N,14.0,"""NA""",14,2026-08-16
EMSR916,Cali Center,GRA,0,1,Built-up,Residential Buildings,,\N,14.0,"""NA""",14,2026-08-18
EMSR916,Cali Center,GRA,0,1,Built-up,Residential Buildings,,\N,14.0,"""NA""",14,2026-08-21
EMSR916,Cali Center,GRA,0,1,Estimated population,None,,94000.0,\N,94000,null,2026-08-15
EMSR916,Cali Center,GRA,0,1,Estimated population,None,,94000.0,\N,94000,null,2026-08-16
EMSR916,Cali Center,GRA,0,1,Estimated population,None,,94000.0,\N,94000,null,2026-08-18
EMSR916,Cali Center,GRA,0,1,Estimated population,None,,94000.0,\N,94000,null,2026-08-21
EMSR916,Cali Center,GRA,0,1,NA,None,,\N,\N,"""NA""",null,2026-08-15
EMSR916,Cali Center,GRA,0,1,NA,None,,\N,\N,"""NA""",null,2026-08-16
EMSR916,Cali Center,GRA,0,1,NA,None,,\N,\N,"""NA""",null,2026-08-18
EMSR916,Cali Center,GRA,0,1,NA,None,,\N,\N,"""NA""",null,2026-08-21
EMSR916,Istmina,GRA,0,1,Built-up,Residential Buildings,,4883.0,10.0,4883,10,2026-08-15
EMSR916,Istmina,GRA,0,1,Built-up,Residential Buildings,,4883.0,10.0,4883,10,2026-08-16
EMSR916,Istmina,GRA,0,1,Built-up,Residential Buildings,,4883.0,10.0,4883,10,2026-08-18
EMSR916,Istmina,GRA,0,1,Built-up,Residential Buildings,,4883.0,10.0,4883,10,2026-08-21
EMSR916,Istmina,GRA,0,1,Estimated population,None,,23000.0,\N,23000,null,2026-08-15
EMSR916,Istmina,GRA,0,1,Estimated population,None,,23000.0,\N,23000,null,2026-08-16
EMSR916,Istmina,GRA,0,1,Estimated population,None,,23000.0,\N,23000,null,2026-08-18
EMSR916,Istmina,GRA,0,1,Estimated population,None,,23000.0,\N,23000,null,2026-08-21
EMSR916,Istmina,GRA,0,1,NA,None,,\N,\N,"""NA""",null,2026-08-15
EMSR916,Istmina,GRA,0,1,NA,None,,\N,\N,"""NA""",null,2026-08-16
EMSR916,Istmina,GRA,0,1,NA,None,,\N,\N,"""NA""",null,2026-08-18
EMSR916,Istmina,GRA,0,1,NA,None,,\N,\N,"""NA""",null,2026-08-21
EMSR916,Northern Cali,GRA,0,2,Built-up,Residential Buildings,,11788.0,7.0,11788,7,2026-08-15
EMSR916,Northern Cali,GRA,0,2,Built-up,Residential Buildings,,11788.0,7.0,11788,7,2026-08-16
EMSR916,Northern Cali,GRA,0,2,Built-up,Residential Buildings,,11788.0,7.0,11788,7,2026-08-18
EMSR916,Northern Cali,GRA,0,2,Built-up,Residential Buildings,,11788.0,7.0,11788,7,2026-08-21
EMSR916,Northern Cali,GRA,0,2,Estimated population,None,,340000.0,\N,340000,null,2026-08-15
EMSR916,Northern Cali,GRA,0,2,Estimated population,None,,340000.0,\N,340000,null,2026-08-16
EMSR916,Northern Cali,GRA,0,2,Estimated population,None,,340000.0,\N,340000,null,2026-08-18
EMSR916,Northern Cali,GRA,0,2,Estimated population,None,,340000.0,\N,340000,null,2026-08-21
EMSR916,Northern Cali,GRA,0,2,NA,None,,\N,\N,"""NA""",null,2026-08-15
EMSR916,Northern Cali,GRA,0,2,NA,None,,\N,\N,"""NA""",null,2026-08-16
EMSR916,Northern Cali,GRA,0,2,NA,None,,\N,\N,"""NA""",null,2026-08-18
EMSR916,Northern Cali,GRA,0,2,NA,None,,\N,\N,"""NA""",null,2026-08-21
EMSR916,Pereira,GRA,0,1,Blocked road / interruption,None,,\N,11.0,"""NA""",11,2026-08-15
EMSR916,Pereira,GRA,0,1,Blocked road / interruption,None,,\N,11.0,"""NA""",11,2026-08-16
EMSR916,Pereira,GRA,0,1,Blocked road / interruption,None,,\N,11.0,"""NA""",11,2026-08-18
EMSR916,Pereira,GRA,0,1,Blocked road / interruption,None,,\N,11.0,"""NA""",11,2026-08-21
EMSR916,Pereira,GRA,0,1,Built-up,Residential Buildings,,\N,182.0,"""NA""",182,2026-08-15
EMSR916,Pereira,GRA,0,1,Built-up,Residential Buildings,,\N,182.0,"""NA""",182,2026-08-16
EMSR916,Pereira,GRA,0,1,Built-up,Residential Buildings,,\N,182.0,"""NA""",182,2026-08-18
EMSR916,Pereira,GRA,0,1,Built-up,Residential Buildings,,\N,182.0,"""NA""",182,2026-08-21
EMSR916,Pereira,GRA,0,1,Estimated population,None,,190000.0,\N,190000,null,2026-08-15
EMSR916,Pereira,GRA,0,1,Estimated population,None,,190000.0,\N,190000,null,2026-08-16
EMSR916,Pereira,GRA,0,1,Estimated population,None,,190000.0,\N,190000,null,2026-08-18
EMSR916,Pereira,GRA,0,1,Estimated population,None,,190000.0,\N,190000,null,2026-08-21
EMSR916,Pereira,GRA,0,1,Transportation,Local Road,km,185.7,0.6,185.7,0.6,2026-08-15
EMSR916,Pereira,GRA,0,1,Transportation,Local Road,km,185.7,0.6,185.7,0.6,2026-08-16
EMSR916,Pereira,GRA,0,1,Transportation,Local Road,km,185.7,0.6,185.7,0.6,2026-08-18
EMSR916,Pereira,GRA,0,1,Transportation,Local Road,km,185.7,0.6,185.7,0.6,2026-08-21
EMSR916,Pereira,GRA,0,1,Transportation,Secondary Road,km,41.4,0.2,41.4,0.2,2026-08-15
EMSR916,Pereira,GRA,0,1,Transportation,Secondary Road,km,41.4,0.2,41.4,0.2,2026-08-16
EMSR916,Pereira,GRA,0,1,Transportation,Secondary Road,km,41.4,0.2,41.4,0.2,2026-08-18
EMSR916,Pereira,GRA,0,1,Transportation,Secondary Road,km,41.4,0.2,41.4,0.2,2026-08-21
EMSR916,Quibdo Centre,GRA,0,1,Blocked road / interruption,None,,\N,2.0,"""NA""",2,2026-08-15
EMSR916,Quibdo Centre,GRA,0,1,Blocked road / interruption,None,,\N,2.0,"""NA""",2,2026-08-16
EMSR916,Quibdo Centre,GRA,0,1,Blocked road / interruption,None,,\N,2.0,"""NA""",2,2026-08-18
EMSR916,Quibdo Centre,GRA,0,1,Blocked road / interruption,None,,\N,2.0,"""NA""",2,2026-08-21
EMSR916,Quibdo Centre,GRA,0,1,Built-up,Residential Buildings,,8817.0,74.0,8817,74,2026-08-15
EMSR916,Quibdo Centre,GRA,0,1,Built-up,Residential Buildings,,8817.0,74.0,8817,74,2026-08-16
EMSR916,Quibdo Centre,GRA,0,1,Built-up,Residential Buildings,,8817.0,74.0,8817,74,2026-08-18
EMSR916,Quibdo Centre,GRA,0,1,Built-up,Residential Buildings,,8817.0,74.0,8817,74,2026-08-21
EMSR916,Quibdo Centre,GRA,0,1,Estimated population,None,,73000.0,\N,73000,null,2026-08-15
EMSR916,Quibdo Centre,GRA,0,1,Estimated population,None,,73000.0,\N,73000,null,2026-08-16
EMSR916,Quibdo Centre,GRA,0,1,Estimated population,None,,73000.0,\N,73000,null,2026-08-18
EMSR916,Quibdo Centre,GRA,0,1,Estimated population,None,,73000.0,\N,73000,null,2026-08-21
